end_date,project_id,service_line,team,project_manager,overbudget_yes,budget,building_region,nda
2019-04-15 00:00:00,c0a1725b-89f9-e811-a966-000d3a37839b,Commissioning,SB,51,0,21400,SF,false
2019-04-01 00:00:00,cffdaaf0-a896-e811-a957-000d3a378ca2,Commissioning,SB,51,0,31865,SF,false
2017-07-31 00:00:00,b3ed8234-2775-e611-80ea-5065f38b4491,Commissioning,SB,51,0,36610,SF,false
2017-08-31 00:00:00,e4344949-aee8-e611-80f9-5065f38b4491,Commissioning,SB,51,1,8170,SF,false
2017-02-28 00:00:00,dda37c80-7e6e-e411-8b85-6c3be5a6aa7c,Commissioning,SB,51,0,20185,SF,false
2014-09-30 00:00:00,4b21e1ad-003e-e411-953d-6c3be5a6aa7c,Commissioning,SB,51,1,7150,SF,true
2015-11-30 00:00:00,26bb8822-c3ed-e311-aa44-6c3be5a6aa7c,Commissioning,SB,51,1,24080,SF,true
2016-08-18 00:00:00,a1c11294-93b7-e411-ab49-6c3be5a6aa7c,Commissioning,SB,51,0,29131,SF,false
2015-01-08 00:00:00,453996ed-3a9f-e311-aca1-6c3be5a6aa7c,Commissioning,SB,51,0,18491,SF,false
2015-02-26 00:00:00,3376f7a9-ce9f-e311-aca1-6c3be5a6aa7c,Commissioning,SB,51,0,12750,SF,false
2015-10-08 00:00:00,5b170ba0-16de-e411-89ab-6c3be5a841e0,Commissioning,SB,51,0,7247.5,SF,false
2014-08-10 00:00:00,0df05473-5cc0-e311-aa0f-6c3be5a841e0,Commissioning,SB,51,0,27965,SF,false
2016-02-27 00:00:00,de283972-1a2e-e411-bfa0-6c3be5a841e0,Commissioning,SB,51,0,17137,SF,false
2015-06-26 00:00:00,bca39ceb-5806-e511-8c93-6c3be5a8b8b0,Commissioning,SB,51,0,7815,SF,false
2015-05-20 00:00:00,0a2b65db-5de0-e311-9408-6c3be5a8b8b0,Commissioning,SB,51,0,31691,SF,false
2015-09-30 00:00:00,3cebf519-f2b2-e411-9578-6c3be5a8b8b0,Commissioning,SB,51,0,15270,SF,false
2019-11-30 00:00:00,5797fd5a-429c-e411-98dc-6c3be5a8b8b0,Commissioning,SB,51,1,110700,SF,false
2016-10-24 00:00:00,a8567a1d-adea-e411-a607-6c3be5a8b8b0,Commissioning,SB,51,0,30980,SF,false
2016-05-24 00:00:00,146bb111-71a9-e311-a9f0-6c3be5a8b8b0,Commissioning,SB,51,0,21231,SF,false
2016-01-20 00:00:00,407f2b96-98a0-e311-8be5-6c3be5a8ca30,Commissioning,SB,51,1,4793,SF,false
2014-10-31 00:00:00,be02d34c-02c5-e311-bcb3-6c3be5a8ca30,Commissioning,SB,51,0,13161,SF,false
2015-01-21 00:00:00,96616d4a-cf82-e311-8b1b-78e3b51146cf,Commissioning,SB,51,0,19381.01,SF,true
2013-12-16 00:00:00,268614b9-a533-e311-8b1c-78e3b51146cf,Commissioning,SB,51,0,15115.53,SF,false
2014-10-21 00:00:00,575fb7cf-2538-e311-8b1c-78e3b51146cf,Commissioning,SB,51,1,1515,SF,false
2014-10-31 00:00:00,14b27501-2e38-e311-8b1c-78e3b51146cf,Commissioning,SB,51,0,10231,SF,false
2014-07-21 00:00:00,0fd7f119-8e45-e311-8b1c-78e3b51146cf,Commissioning,SB,51,0,10464,SF,false
2016-08-31 00:00:00,74981ab7-4dc9-e211-8b9c-78e3b51146cf,Commissioning,SB,51,0,57120,SF,false
2014-04-01 00:00:00,f480addd-cdd2-e211-8b9c-78e3b51146cf,Commissioning,SB,51,1,17231,SF,false
2016-01-01 00:00:00,231663f6-6e95-e211-8bd7-78e3b51146cf,Commissioning,SB,51,0,69231,SF,false
2015-01-09 00:00:00,705de36b-df09-e311-8c30-78e3b51146cf,Commissioning,SB,51,0,14783,SF,false
2013-10-01 00:00:00,348fedfd-4fd5-e211-97d3-78e3b51146cf,Commissioning,SB,51,0,12046,SF,false
2014-08-28 00:00:00,d7134dd6-8e63-e311-8a37-78e3b511b601,Commissioning,SB,51,1,4875,SF,false
2013-06-30 00:00:00,79118bdd-adc4-e211-8c54-78e3b511b601,Commissioning,SB,51,1,5678,SF,false
2013-06-05 00:00:00,2376dedb-08d7-e211-8cf1-78e3b511b601,Commissioning,SB,51,0,5583,SF,false
2016-07-27 00:00:00,893260d1-61a6-e411-b206-a45d36fc0a08,Commissioning,SB,51,0,16205,SF,false
2017-06-30 00:00:00,b8ee4ee7-3ce5-e411-bc42-a45d36fc0a08,Commissioning,SB,51,0,24350,SF,false
2016-01-31 00:00:00,a6c4ea55-1842-e511-80e5-c4346bacb92c,Commissioning,SB,51,1,11297,SF,false
2016-07-31 00:00:00,3e66c50b-e157-e511-80e8-c4346bacb92c,Commissioning,SB,51,0,20630,SF,false
2017-03-31 00:00:00,b00adda0-8ecf-e511-80f9-c4346bacb92c,Commissioning,SB,51,1,14885,SF,false
2018-05-30 00:00:00,e74bc217-005b-e511-80eb-c4346bacdbe8,Commissioning,SB,51,0,19870,SF,false
2017-01-31 00:00:00,e92901a6-289d-e511-80f8-c4346bacdbe8,Commissioning,SB,51,0,34260,SF,true
2017-10-17 00:00:00,e6f8f856-bc86-e711-810a-e0071b6ad191,Commissioning,SB,51,0,10640,SF,false
2017-05-31 00:00:00,0fb19751-b70f-e511-80e3-fc15b4284a70,Commissioning,SB,51,0,22250,SF,false
2019-09-01 00:00:00,3f94e45b-cc99-e911-a977-000d3a37870e,Commissioning,SB,51,1,5000,SF,false
2018-03-31 00:00:00,14429d0c-fe5a-e511-80eb-c4346bacdbe8,Commissioning,SB,51,0,42950,SF,false
2018-11-09 00:00:00,8db027e9-b6ca-e811-a960-000d3a37870e,Energy Audit,SB,51,1,7470,SF,false
2019-03-31 00:00:00,39dec8fb-8c35-e911-a96a-000d3a37870e,Energy Audit,SB,51,0,6720,SF,false
2017-02-28 00:00:00,312c5d69-1b75-e611-80ea-5065f38b4491,Energy Audit,SB,51,1,21462,SF,false
2014-12-19 00:00:00,11d6160e-0df8-e311-93d1-6c3be5a6aa7c,Energy Modeling,SB,51,0,25000,SF,false
2014-10-23 00:00:00,33045533-8712-e411-964e-6c3be5a6aa7c,Energy Audit,SB,51,0,7529,SF,true
2014-10-31 00:00:00,7ca328ad-8712-e411-964e-6c3be5a6aa7c,Energy Audit,SB,51,0,8414,SF,true
2014-10-23 00:00:00,73d89f2d-8812-e411-964e-6c3be5a6aa7c,Energy Audit,SB,51,0,8414,SF,true
2015-03-08 00:00:00,936e32e4-8812-e411-964e-6c3be5a6aa7c,Energy Audit,SB,51,1,8414,SF,true
2014-06-27 00:00:00,53949a7a-37b9-e311-9fbb-6c3be5a6aa7c,Energy Audit,SB,51,0,17806,SF,false
2014-07-01 00:00:00,17106a4b-beb9-e311-9fbb-6c3be5a6aa7c,Energy Audit,SB,51,0,6200,SF,false
2014-07-28 00:00:00,3b3a442e-40cf-e311-a804-6c3be5a6aa7c,Energy Audit,SB,51,1,7941,SF,false
2015-02-26 00:00:00,538ce31d-cf9f-e311-aca1-6c3be5a6aa7c,Energy Modeling,SB,51,0,11025,SF,false
2015-05-29 00:00:00,d1854473-b563-e411-ad1d-6c3be5a6aa7c,Energy Audit,SB,51,0,17785.91,SF,false
2015-05-01 00:00:00,374bfbde-b663-e411-ad1d-6c3be5a6aa7c,Energy Audit,SB,51,0,14270,SF,false
2015-05-30 00:00:00,665acb19-b863-e411-ad1d-6c3be5a6aa7c,Energy Audit,SB,51,0,14770,SF,false
2014-05-29 00:00:00,1c020b02-d4b6-e311-aa0f-6c3be5a841e0,Energy Audit,SB,51,1,5982,SF,false
2014-07-02 00:00:00,3dbbaf65-a9ba-e311-aa0f-6c3be5a841e0,Energy Audit,SB,51,0,16806,SF,false
2014-08-10 00:00:00,372e3eb5-5dc0-e311-aa0f-6c3be5a841e0,M&V,SB,51,0,24500,SF,false
2014-12-31 00:00:00,26ea27a1-99c5-e311-aa0f-6c3be5a841e0,Energy Audit,SB,51,1,14500,SF,false
2015-05-20 00:00:00,9065e1aa-2bb9-e411-b157-6c3be5a841e0,Energy Audit,SB,51,0,7000,SF,false
2014-06-22 00:00:00,e438e9b0-52ca-e311-b46e-6c3be5a841e0,Energy Audit,SB,51,1,6360,SF,false
2015-04-20 00:00:00,d4909d63-80f6-e311-b50b-6c3be5a841e0,Energy Audit,SB,51,0,10000,SF,false
2015-08-27 00:00:00,1b7a0610-1c2e-e411-bfa0-6c3be5a841e0,M&V,SB,51,1,5250,SF,false
2014-10-15 00:00:00,123bbf1a-750c-e411-b2a1-6c3be5a8b8b0,Energy Audit,SB,51,1,1860,SF,false
2014-08-20 00:00:00,18afbb77-9a0e-e411-b2a1-6c3be5a8b8b0,Energy Audit,SB,51,0,9525,SF,false
2014-11-28 00:00:00,f3d62387-2511-e411-b2a1-6c3be5a8b8b0,Energy Audit,SB,51,0,7845,SF,false
2015-03-31 00:00:00,afe9da05-2611-e411-b2a1-6c3be5a8b8b0,Energy Audit,SB,51,0,11100,SF,false
2014-10-21 00:00:00,17c141bc-2611-e411-b2a1-6c3be5a8b8b0,Energy Audit,SB,51,0,5790,SF,false
2014-10-21 00:00:00,5d693648-2711-e411-b2a1-6c3be5a8b8b0,Energy Audit,SB,51,0,2180,SF,false
2014-09-19 00:00:00,8ac947dd-2711-e411-b2a1-6c3be5a8b8b0,Energy Audit,SB,51,0,8000,SF,false
2015-04-15 00:00:00,03990841-e418-e411-b762-6c3be5a8b8b0,Compliance,SB,51,0,8550,SF,false
2014-10-30 00:00:00,776c5aca-cb48-e411-b78e-6c3be5a8b8b0,Compliance,SB,51,1,2450,SF,false
2014-03-26 00:00:00,94958180-67b4-e311-accf-6c3be5a8ca30,Energy Modeling,SB,51,0,1305,SF,false
2013-01-17 00:00:00,53228cbd-1156-e311-8b1b-78e3b51146cf,Energy Audit,SB,51,0,7500,SF,false
2014-01-15 00:00:00,73d0a38b-1356-e311-8b1b-78e3b51146cf,Energy Audit,SB,51,0,2900,SF,false
2014-05-12 00:00:00,f36bc1cf-5c90-e311-8b1b-78e3b51146cf,Energy Audit,SB,51,0,16730,SF,false
2013-12-12 00:00:00,9f72ad60-c74b-e311-8b1c-78e3b51146cf,Energy Modeling,SB,51,0,2325,SF,false
2015-11-30 00:00:00,3c531c9c-27e4-e211-8b83-78e3b51146cf,Energy Modeling,SB,51,0,18824,SF,false
2013-05-07 00:00:00,a2ea8b75-3b90-e211-8bd7-78e3b51146cf,Energy Audit,SB,51,1,10250,SF,false
2016-01-01 00:00:00,de7c0ff5-6f95-e211-8bd7-78e3b51146cf,M&V,SB,51,1,16275,SF,false
2013-12-12 00:00:00,fd43f383-3f0c-e311-8c30-78e3b51146cf,Energy Audit,SB,51,1,8500,SF,false
2013-04-25 00:00:00,279003f2-1d9b-e211-898f-78e3b511b601,Energy Audit,SB,51,0,3701,SF,False
2013-05-23 00:00:00,101d3409-efa6-e211-8a96-78e3b511b601,Compliance,SB,51,0,1750,SF,False
2015-02-27 00:00:00,e98f9846-f1b1-e211-8a96-78e3b511b601,Energy Modeling,SB,51,1,14180,SF,false
2015-06-13 00:00:00,08e592fa-9cf9-e411-965d-a45d36fc0a08,Compliance,SB,51,0,2000,SF,false
2015-02-28 00:00:00,bced2583-5160-e411-bb5d-a45d36fc0a08,Compliance,SB,51,1,2750,SF,False
2014-10-23 00:00:00,7a07837b-b8ed-476d-82fd-adf7a0a081fb,Energy Audit,SB,51,0,3764,SF,true
2016-01-14 00:00:00,2761d65f-9372-e511-80f0-c4346bac0260,Energy Audit,SB,51,0,2140,SF,false
2015-09-30 00:00:00,30843e1d-e615-e511-80db-c4346bacb92c,Energy Audit,SB,51,0,19120,SF,false
2016-01-01 00:00:00,c533cf0f-0a2c-e511-80dc-c4346bacdbe8,Energy Audit,SB,51,1,13243,SF,true
2016-02-26 00:00:00,749f7a39-179d-e511-80f8-c4346bacdbe8,Energy Audit,SB,51,1,16330,SF,true
2016-01-31 00:00:00,ed88993b-199d-e511-80f8-c4346bacdbe8,Energy Audit,SB,51,1,16330,SF,true
2017-03-31 00:00:00,ec9e5d27-c5fd-e611-80f3-e0071b66cf61,M&V,SB,51,0,4130,SF,false
2018-01-31 00:00:00,fd1a2829-fbd5-e711-8115-e0071b6ad191,Compliance,SB,51,0,1750,SF,false
2020-04-30 00:00:00,be7f0e4d-350f-ea11-a811-000d3a36880e,Strategic Planning,SB,37,1,10000,SF,false
2020-11-01 00:00:00,c7184932-0594-ea11-a811-000d3a36886f,GPR,SB,37,1,0,SF,false
2019-02-15 00:00:00,2c515bb5-08b7-e811-a95c-000d3a3780dd,Materials,SB,24,1,96200,SF,true
2019-05-17 00:00:00,9dfeac17-24ba-e811-a95c-000d3a3780dd,WELL,SB,55,1,57500.5,SF,false
2018-07-13 00:00:00,8329d38b-2a73-e811-a956-000d3a37839b,Materials,SB,24,1,15000,SF,true
2019-05-31 00:00:00,44100556-2b70-e911-a977-000d3a37839b,Strategic Planning,SB,55,1,6450,SF,false
2020-02-29 00:00:00,2502c9c7-f833-e911-a96a-000d3a37870e,Strategic Planning,SB,24,1,47500,SF,false
2017-03-06 00:00:00,69fd1f01-63cd-e611-80fa-5065f38afa01,Energy Modeling,SB,46,1,5500,SF,false
2018-01-31 00:00:00,aad56b7b-d4aa-e611-80f0-5065f38be0e1,Materials,SB,88,1,5000,SF,false
2018-01-31 00:00:00,c785b2d4-bbd9-e511-8104-c4346bac0260,LBC,SB,88,1,2000,SF,false
2021-03-31 00:00:00,421829f6-6016-e711-80f8-e0071b66cf61,GPR,SB,73,1,0,SF,false
2019-03-30 00:00:00,fa1adbde-f30f-e811-8116-e0071b66cf61,LBC,SB,24,1,493705,SF,true
2019-07-01 00:00:00,3b29f5f9-5143-e811-8120-e0071b6ad191,WELL,SB,44,1,32400,DV,true
2017-06-22 00:00:00,9736b3bd-4f21-e711-8112-e0071b7458a1,Energy Modeling,SB,46,1,6500,SF,false
2020-06-05 00:00:00,babd3084-4c8e-ea11-a811-000d3a36880e,Strategic Planning,SB,44,1,8950,DV,false
2020-01-31 00:00:00,ee241558-c731-ea11-a810-000d3a36880e,Materials,SB,84,1,760,SF,false
2020-01-16 00:00:00,ff67c709-1601-ea11-a811-000d3a36880e,Strategic Planning,SB,89,1,5780,SF,false
2019-12-31 00:00:00,0e7e84d0-4c1f-e911-a96b-000d3a3780dd,Strategic Planning,SB,58,1,143045,SF,true
2019-06-30 00:00:00,5584b57e-3a65-e911-a975-000d3a37839b,Strategic Planning,SB,24,1,20000,SF,false
2019-06-30 00:00:00,dedb115b-b166-e911-a975-000d3a37839b,Energy Modeling,SB,72,0,14500,SF,false
2021-08-01 00:00:00,6130a149-ae71-e911-a977-000d3a37839b,Materials,SB,82,1,13660,SF,true
2019-06-11 00:00:00,3a128f06-5840-e911-a96d-000d3a37870e,Energy Modeling,SB,72,1,11900,DV,false
2019-09-15 00:00:00,29020e5d-1c9c-e911-a977-000d3a37870e,Materials,SB,84,1,5740,SF,true
2019-06-30 00:00:00,c5e5f366-6660-e911-a96d-000d3a378ca2,Commissioning,SB,72,0,3400,SF,false
2019-05-01 00:00:00,5526e145-8d4b-e911-a970-000d3a378dd3,Strategic Planning,SB,44,1,15000,SF,false
2019-12-31 00:00:00,a8da3689-b650-e911-a970-000d3a378dd3,Strategic Planning,SB,89,0,50710,SF,false
2019-11-18 00:00:00,3ca56cf6-a5b7-e911-a97e-000d3a378f36,NZE,SB,72,1,20000,SF,false
2019-09-10 00:00:00,6617d067-92b9-e911-a97e-000d3a378f36,Education,SB,27,1,4000,SF,false
2021-11-01 00:00:00,04be1f5b-e2bd-e911-a97f-000d3a378f36,Materials,SB,82,1,33250,SF,true
2019-08-26 00:00:00,a17ef88d-35be-e911-a97f-000d3a378f36,Strategic Planning,SB,44,1,1000,DV,false
2018-10-31 00:00:00,4e23ead8-7fa5-e811-a95a-000d3a37839b,Energy Audit,SB,72,1,19180,SF,false
2018-09-18 00:00:00,c26fd279-245d-e811-a94f-000d3a37870e,Energy Audit,SB,46,1,9700,SF,false
2019-05-01 00:00:00,6fd7db16-8714-e911-a966-000d3a37870e,PM TI,SB,58,0,45000,SF,false
2019-03-31 00:00:00,4466d16a-8814-e911-a966-000d3a37870e,Strategic Planning,SB,44,1,21220,SF,false
2019-02-28 00:00:00,8a6d1894-8c14-e911-a966-000d3a37870e,Compliance,SB,81,0,3000,SF,false
2019-09-15 00:00:00,631a70d1-699a-e811-a95b-000d3a378ca2,Strategic Planning,SB,55,1,82000,SF,false
2017-01-27 00:00:00,b18a9cb3-0f6e-e611-80ed-5065f38afa01,Education,SB,66,0,6600,SF,false
2017-01-04 00:00:00,61e392da-0a85-e611-80ed-5065f38b4491,Energy Audit,SB,55,1,36410,DV,true
2015-12-31 00:00:00,501efa0d-af89-e611-80ed-5065f38b4491,Strategic Planning,SB,24,0,16648.75,SF,true
2018-02-06 00:00:00,c09294db-fbef-e611-80f9-5065f38b4491,Commissioning,SB,81,1,52805,SF,false
2016-08-01 00:00:00,549019d9-9970-e611-80ea-5065f38b5171,Materials,SB,88,0,400,SF,false
2018-01-02 00:00:00,e9c6a134-35b7-e611-80f4-5065f38b5171,Energy Modeling,SB,46,1,10740,SF,false
2017-11-30 00:00:00,de21b9e1-4ebe-e611-80f5-5065f38b5171,Strategic Planning,SB,40,0,40450,SF,false
2017-04-24 00:00:00,8dfc3fee-93de-e611-80f7-5065f38be0e1,Strategic Planning,SB,44,0,1312.5,SF,false
2015-08-12 00:00:00,8da33e56-6508-e411-93d1-6c3be5a6aa7c,Compliance,SB,24,1,1750,SF,false
2018-04-04 00:00:00,4f985293-1918-e411-98c5-6c3be5a6aa7c,M&V,SB,45,1,25805,SF,false
2017-03-16 00:00:00,7bd95487-1bde-e411-89ab-6c3be5a841e0,Energy Modeling,SB,46,1,24390,SF,false
2014-08-09 00:00:00,a4194e51-58c0-e311-aa0f-6c3be5a841e0,Energy Modeling,SB,40,1,4834,SF,false
2015-06-30 00:00:00,fe19d451-252e-e411-bfa0-6c3be5a841e0,GPR,SB,37,0,11150,SF,false
2017-05-31 00:00:00,5ea89421-9234-e411-b4d5-6c3be5a8b8b0,Commissioning,SB,45,1,33000,SF,false
2015-11-30 00:00:00,ac7d02f0-7929-e411-b762-6c3be5a8b8b0,Energy Modeling,SB,24,0,29300,SF,true
2013-10-31 00:00:00,12230f24-3730-e311-8b1c-78e3b51146cf,HPPM,SB,40,0,2450,SF,false
2015-01-07 00:00:00,cd986da5-77b7-e211-8bc6-78e3b51146cf,Energy Modeling,SB,24,0,55840,SF,false
2013-06-24 00:00:00,d9388230-947f-e211-8c15-78e3b511b601,Compliance,SB,37,0,5000,SF,false
2018-12-31 00:00:00,4f103a1c-baf3-e111-b721-78e3b511b601,GPR,SB,40,1,7500,SF,false
2013-02-28 00:00:00,95fe5b96-bbf3-e111-b721-78e3b511b601,GPR,SB,40,1,26335,SF,false
2016-04-20 00:00:00,42193a1f-57b6-e511-80f4-c4346bac4b64,HPPM,SB,54,1,68320,SF,false
2016-08-26 00:00:00,2034687c-740e-e611-8103-c4346bacb92c,Strategic Planning,SB,40,1,82500,SF,true
2018-09-01 00:00:00,70e66a76-e1fe-e611-80f3-e0071b66cf61,Commissioning,SB,81,0,6500,SF,false
2017-03-15 00:00:00,010b05d9-9603-e711-80f4-e0071b66cf61,Education,SB,24,1,5000,SF,false
2017-10-01 00:00:00,024fb092-2e52-e711-8100-e0071b66cf61,Strategic Planning,SB,37,1,5500,SF,false
2018-05-31 00:00:00,ef8dbdb0-fce0-e711-8113-e0071b66cf61,Commissioning,SB,81,0,18825,SF,false
2019-09-09 00:00:00,b5dc7ecb-953e-e811-811d-e0071b66cf61,Commissioning,SB,72,1,13900,SF,false
2018-04-26 00:00:00,ff20d98d-8f4c-e811-8122-e0071b66cf61,GPR,SB,73,1,1850,SF,false
2018-01-31 00:00:00,6121080c-5b1a-e711-80fe-e0071b6ad191,Materials,SB,55,1,9500,SF,false
2018-01-31 00:00:00,8ae24a60-f237-e711-8102-e0071b6ad191,Compliance,SB,24,1,3500,SF,false
2017-08-01 00:00:00,4f0806f5-0d38-e711-8102-e0071b6ad191,Compliance,SB,50,0,2000,SF,false
2018-09-05 00:00:00,01374307-927c-e711-8109-e0071b6ad191,Strategic Planning,SB,89,1,102150,SF,true
2017-08-01 00:00:00,be4c2d61-0a47-e711-8109-e0071b715b91,Strategic Planning,SB,44,1,8000,SF,false
2018-03-30 00:00:00,003aae49-0f97-e711-8122-e0071b7458a1,Education,SB,46,1,9350,SF,false
2019-12-31 00:00:00,17a3f155-5e6f-e811-a953-000d3a37870e,Strategic Planning,SB,89,0,298512,SF,false
2015-05-26 00:00:00,b349674e-1cde-e411-89ab-6c3be5a841e0,LCCA,SB,46,0,5000,SF,false
2019-04-01 00:00:00,74ceecb1-4ffd-e711-8116-e0071b66cf61,Strategic Planning,SB,89,1,7990,SF,false
2018-05-01 00:00:00,9aeb1d6b-fb25-e711-80ff-e0071b6ad191,HPPM,SB,37,0,38845.63,SF,false
2019-03-29 00:00:00,b247e73c-e702-e811-812f-e0071b7458a1,LCCA,SB,37,0,15850.5,SF,false
2019-03-01 00:00:00,a5ab694f-09b7-e811-a95c-000d3a3780dd,Materials,SB,82,1,12000,SF,true
2019-02-15 00:00:00,e845492e-0ab7-e811-a95c-000d3a3780dd,Materials,SB,82,1,10000,SF,true
2019-04-30 00:00:00,bbdf58ca-ccc1-e811-a95c-000d3a3780dd,Commissioning,SB,81,0,20900,SF,false
2018-06-14 00:00:00,def61ce0-2073-e811-a956-000d3a37839b,Materials,SB,67,0,720,SF,false
2019-06-17 00:00:00,c6fd979a-2c73-e811-a956-000d3a37839b,HPPM,SB,44,0,39275,DV,false
2019-12-01 00:00:00,c1e7f008-ca8e-e811-a958-000d3a37839b,Commissioning,SB,81,0,19490,SF,false
2018-11-06 00:00:00,e0b643a2-6ca5-e811-a95a-000d3a37839b,Energy Modeling,SB,72,0,17383,SF,true
2019-12-31 00:00:00,297d326c-cc5a-e811-a94f-000d3a378ca2,Energy Modeling,SB,72,0,39187,SF,false
2019-12-31 00:00:00,a59509f7-cc5a-e811-a94f-000d3a378ca2,Energy Modeling,SB,72,0,26451,SF,false
2019-12-31 00:00:00,476b2e56-cd5a-e811-a94f-000d3a378ca2,Energy Modeling,SB,72,0,26451,SF,true
2018-06-30 00:00:00,b1220e5e-e25a-e811-a94f-000d3a378ca2,Strategic Planning,SB,58,1,3420,SF,false
2018-10-01 00:00:00,e828984e-7e76-e811-a955-000d3a378ca2,Commissioning,SB,45,0,10320,SF,false
2018-12-24 00:00:00,b8ac02ac-dcd6-e811-a95e-000d3a378ca2,Materials,SB,58,0,4300,SF,true
2018-08-09 00:00:00,2e8011cb-1068-e811-a954-000d3a378dd3,Energy Audit,SB,72,1,7100,SF,false
2018-12-30 00:00:00,bca99f30-e802-e911-a964-000d3a378dd3,LCCA,SB,24,0,7220,SF,false
2017-01-20 00:00:00,132ecbf0-d679-e611-80ed-5065f38afa01,Energy Audit,SB,66,0,3700,SF,false
2017-08-31 00:00:00,87a1589b-da81-e611-80ef-5065f38afa01,Materials,SB,24,0,10935,SF,false
2018-03-31 00:00:00,fbfed513-10c3-e611-80f9-5065f38afa01,Commissioning,SB,81,0,28810,SF,false
2017-08-31 00:00:00,e39e0744-67ee-e611-80fc-5065f38afa01,Energy Modeling,SB,24,0,8135,SF,false
2017-09-30 00:00:00,808df370-775a-e611-80e7-5065f38b4491,Strategic Planning,SB,58,1,188017.08,SF,true
2017-08-04 00:00:00,d5dc74d7-3c5b-e611-80e7-5065f38b4491,Energy Modeling,SB,46,0,13510,SF,false
2016-10-26 00:00:00,f817d18a-a36f-e611-80ea-5065f38b4491,LBC,SB,66,0,6600,SF,false
2017-01-15 00:00:00,d12dc9a9-7474-e611-80ea-5065f38b4491,Strategic Planning,SB,89,1,78080,SF,false
2015-12-31 00:00:00,30f48108-ae89-e611-80ed-5065f38b4491,Strategic Planning,SB,24,0,64722.5,SF,true
2016-12-31 00:00:00,4b142f75-ae89-e611-80ed-5065f38b4491,Strategic Planning,SB,24,1,30205,SF,true
2017-06-01 00:00:00,db930cca-e4b7-e611-80f4-5065f38b4491,Energy Audit,SB,53,1,16455,SF,false
2017-03-23 00:00:00,882bd67d-ecd9-e611-80f7-5065f38b4491,Materials,SB,24,0,6641.25,SF,false
2016-12-20 00:00:00,7a94f5b9-0a4a-e611-80e5-5065f38b5171,Energy Audit,SB,53,1,14700,SF,false
2017-01-14 00:00:00,d4a7f586-0f4a-e611-80e5-5065f38b5171,Energy Audit,SB,53,1,16310,SF,false
2017-02-28 00:00:00,083455e2-32b7-e611-80f4-5065f38b5171,Energy Modeling,SB,55,1,7993.6,SF,false
2017-01-08 00:00:00,4fa9cbcc-67be-e611-80f5-5065f38b5171,GPR,SB,50,1,2500,SF,false
2018-03-01 00:00:00,904bdcec-70c1-e611-80f6-5065f38b5171,Commissioning,SB,81,0,16520,SF,false
2018-01-31 00:00:00,f5d63b2c-d659-e611-80e6-5065f38be0e1,Energy Modeling,SB,46,1,4950,SF,false
2016-11-14 00:00:00,838b1bb7-6192-e611-80ec-5065f38be0e1,Compliance,SB,50,0,3750,SF,false
2017-07-12 00:00:00,6976ae09-a8ab-e611-80f0-5065f38be0e1,Materials,SB,24,1,14418.75,SF,true
2016-04-01 00:00:00,a96b05eb-94b7-e411-ab49-6c3be5a6aa7c,Energy Modeling,SB,58,1,310,SF,false
2014-03-14 00:00:00,071e948d-259f-e311-aca1-6c3be5a6aa7c,Education,SB,24,0,6500,SF,false
2016-03-07 00:00:00,d3eddaba-4b56-e411-b300-6c3be5a841e0,Strategic Planning,SB,70,0,186445,SF,true
2016-12-01 00:00:00,b5a557df-57ce-e411-8a8d-6c3be5a8b8b0,Strategic Planning,SB,24,1,192035,SF,true
2014-08-11 00:00:00,2a611873-159f-e311-a9f0-6c3be5a8b8b0,Energy Modeling,SB,24,0,50000,SF,false
2013-09-24 00:00:00,c4639c9c-dfb1-e211-8abd-78e3b51146cf,M&V,SB,24,1,5825,SF,false
2016-04-08 00:00:00,11cae027-3a56-e311-8b1b-78e3b51146cf,GPR,SB,37,1,315,SF,false
2014-01-07 00:00:00,17bf0989-8036-e311-8b1c-78e3b51146cf,Energy Audit,SB,37,1,7500,SF,false
2014-04-30 00:00:00,86c043c1-ab11-e311-8c30-78e3b51146cf,Energy Modeling,SB,40,0,13110,SF,false
2014-01-13 00:00:00,79962419-f75d-e311-8a37-78e3b511b601,Compliance,SB,24,1,1200,SF,false
2013-10-31 00:00:00,2033277a-33f3-e211-8c1d-78e3b511b601,Education,SB,24,1,1260,SF,false
2013-08-14 00:00:00,1bdfc843-aef8-e211-8c1d-78e3b511b601,GPR,SB,37,1,3500,SF,false
2013-06-23 00:00:00,a009f09a-8e8d-e211-8c2c-78e3b511b601,GPR,SB,40,0,4000,SF,false
2013-09-30 00:00:00,27f2a393-830e-e311-8db5-78e3b511b601,GPR,SB,37,0,1747.3,SF,false
2014-01-24 00:00:00,1fb855e2-2e2a-e311-b7e1-78e3b511b601,Energy Audit,SB,37,1,47000,SF,false
2015-01-31 00:00:00,0902cf53-4885-e411-9650-a45d36fc0a08,Energy Modeling,SB,24,0,25020,SF,false
2016-08-10 00:00:00,6de1d00d-29e5-e411-bc42-a45d36fc0a08,Strategic Planning,SB,24,1,12475,SF,true
2017-05-08 00:00:00,442d2635-a137-e511-80e3-c4346bac0260,Compliance,SB,24,0,2750,SF,false
2017-02-28 00:00:00,0034f66b-b497-e511-80f8-c4346bac0260,Energy Audit,SB,53,0,5510,SF,false
2016-09-01 00:00:00,d0ec11e2-4a45-e611-8117-c4346bac0260,Materials,SB,88,0,3935,SF,false
2016-08-23 00:00:00,3f9aa2b6-5826-e511-80da-c4346bac4b64,Strategic Planning,SB,24,1,13930,SF,true
2016-06-01 00:00:00,8600aca6-98e5-e511-80fd-c4346bac4b64,Strategic Planning,SB,50,0,3050,SF,false
2017-12-31 00:00:00,85c6d911-1c16-e611-8102-c4346bac4b64,Commissioning,SB,81,0,36510,SF,false
2015-11-28 00:00:00,5c71da2e-c47d-e511-80ef-c4346bacb92c,Compliance,SB,50,0,1750,SF,false
2016-07-15 00:00:00,53d5a150-8bb9-e511-80f7-c4346bacb92c,Strategic Planning,SB,58,0,203440,SF,true
2016-05-02 00:00:00,ebe7e0c6-d500-e611-8101-c4346bacb92c,Compliance,SB,50,1,1500,SF,false
2017-02-28 00:00:00,3359f675-cc88-e511-80f3-c4346bacdbe8,Energy Audit,SB,53,0,5900,SF,false
2016-04-20 00:00:00,8b32eb46-cf88-e511-80f3-c4346bacdbe8,Energy Audit,SB,53,1,14966,SF,false
2016-06-19 00:00:00,b601c27d-f4c5-e511-80fe-c4346bacdbe8,Strategic Planning,SB,89,1,10000,SF,false
2016-11-24 00:00:00,b56e1877-4919-e611-810c-c4346bacdbe8,Compliance,SB,50,0,2250,SF,false
2016-06-30 00:00:00,5f35bdbb-3a1d-e611-810c-c4346bacdbe8,Compliance,SB,50,0,4350,SF,false
2017-06-02 00:00:00,30832a45-920d-e711-80f5-e0071b66cf61,Strategic Planning,SB,44,0,7000,DV,false
2018-03-31 00:00:00,e00df08a-7016-e711-80f8-e0071b66cf61,Commissioning,SB,81,0,8330,SF,false
2018-06-28 00:00:00,79adb113-7116-e711-80f8-e0071b66cf61,Compliance,SB,89,0,4861.4,SF,false
2018-01-01 00:00:00,cf731e68-1247-e711-80ff-e0071b66cf61,Commissioning,SB,81,0,15370,SF,false
2018-07-03 00:00:00,cdcc3571-7262-e711-8101-e0071b66cf61,Commissioning,SB,81,1,15400,SF,false
2018-03-31 00:00:00,577cb707-2905-e811-8116-e0071b66cf61,WELL,SB,55,1,6125,SF,true
2018-03-31 00:00:00,31b35d16-c923-e811-8119-e0071b66cf61,NZE,SB,40,1,3000,SF,false
2018-12-31 00:00:00,18f2c602-cf36-e811-811c-e0071b66cf61,Strategic Planning,SB,58,0,90210,SF,true
2018-05-31 00:00:00,d8f6949e-3a38-e811-811c-e0071b66cf61,WELL,SB,44,1,10800,DV,false
2018-04-30 00:00:00,cb9ee499-a882-e711-8109-e0071b6ad191,Strategic Planning,SB,58,0,55420.5,SF,true
2019-01-31 00:00:00,97a8f71c-0aaa-e711-810d-e0071b6ad191,HPPM,SB,40,1,260000,SF,false
2019-04-03 00:00:00,c1e44aae-dec3-e711-8113-e0071b6ad191,Energy Modeling,SB,72,0,21700,SF,false
2018-06-01 00:00:00,44f1ce9e-83d4-e711-8115-e0071b6ad191,Commissioning,SB,81,0,23440,SF,false
2018-01-01 00:00:00,efd8f16f-0bda-e711-8116-e0071b6ad191,Strategic Planning,SB,44,0,7500,SF,false
2019-10-30 00:00:00,a4528ee5-9df7-e611-80fb-e0071b715b91,Energy Modeling,SB,72,0,21950,SF,false
2018-04-19 00:00:00,5f35c15c-d81b-e711-8102-e0071b715b91,Commissioning,SB,81,0,26460,SF,false
2017-12-12 00:00:00,2d1873b6-463f-e711-8108-e0071b715b91,Energy Modeling,SB,46,1,8470,SF,false
2017-08-11 00:00:00,e71c4eb7-907c-e711-810d-e0071b715b91,GPR,SB,57,1,2640,SF,false
2018-07-20 00:00:00,332fbb03-3c7d-e711-810d-e0071b715b91,Commissioning,SB,81,0,15100,SF,false
2019-01-01 00:00:00,dde65ca4-53dc-e711-811a-e0071b715b91,Energy Modeling,SB,37,0,25000,SF,false
2017-05-31 00:00:00,9e101340-5721-e711-8112-e0071b7458a1,Compliance,SB,50,0,4350,SF,false
2018-07-20 00:00:00,39df9e25-78e6-e711-812e-e0071b7458a1,Strategic Planning,SB,89,0,22910,SF,false
2018-02-01 00:00:00,da113646-88e6-e711-812e-e0071b7458a1,Energy Audit,SB,89,1,10550,SF,false
2018-05-31 00:00:00,bc5e53d9-fc01-e811-812f-e0071b7458a1,Commissioning,SB,81,0,21950,SF,false
2018-05-31 00:00:00,35eee842-fd01-e811-812f-e0071b7458a1,Commissioning,SB,81,0,5010,SF,false
2020-03-20 00:00:00,65c6cb2f-e022-ea11-a810-000d3a36880e,LEED,SB,71,1,17500,SF,true
2020-03-31 00:00:00,7eb45dfc-1459-ea11-a811-000d3a36886f,LEED,SB,82,1,7000,SF,false
2021-09-01 00:00:00,1ee9cd56-d147-ea11-a812-000d3a368be7,LEED,SB,37,1,10000,SF,false
2019-05-17 00:00:00,f8b4ad3b-23ba-e811-a95c-000d3a3780dd,LEED,SB,55,1,60500,SF,false
2019-03-01 00:00:00,bf06579a-4cbc-e811-a95c-000d3a3780dd,LEED,SB,84,0,18080,SF,false
2018-12-15 00:00:00,216eecfe-22ed-e811-a965-000d3a37839b,LEED,SB,24,1,18000,SF,false
2018-07-22 00:00:00,46e490f0-aa6d-e811-a953-000d3a37870e,LEED,SB,27,1,3500,SF,false
2019-01-01 00:00:00,a99f11cb-e3cc-e811-a960-000d3a37870e,LEED,SB,24,0,6450,SF,false
2019-10-31 00:00:00,d778ac11-89d8-e911-a98b-000d3a378dd3,LEED,SB,89,1,12469.2,SF,true
2020-01-30 00:00:00,8e083694-c1e4-e911-a98f-000d3a378dd3,LEED,SB,26,1,8650,SF,false
2019-09-05 00:00:00,abeb2213-4ab3-e911-a97e-000d3a378f36,LEED,SB,84,0,21500,SF,false
2017-01-09 00:00:00,af7c422d-5ecd-e611-80fa-5065f38afa01,LEED,SB,50,1,4000,SF,false
2018-09-13 00:00:00,281780dc-d758-e611-80e7-5065f38b4491,LEED,SB,89,1,13000.8,SF,false
2018-12-08 00:00:00,cbbc2804-e58b-e611-80ed-5065f38b4491,LEED,SB,55,1,27296,SF,false
2019-09-02 00:00:00,4985b620-6974-e611-80ea-5065f38b5171,LEED,SB,82,1,6110,SF,false
2017-02-28 00:00:00,3b101b46-4bb7-e611-80f4-5065f38b5171,LEED,SB,57,1,3465,SF,false
2015-01-01 00:00:00,e676d621-167b-e411-957d-6c3be5a6aa7c,LEED,SB,37,0,557.5,SF,false
2015-02-24 00:00:00,2cdf7572-ad2c-e411-98c5-6c3be5a6aa7c,LEED,SB,24,0,7500,SF,false
2015-05-18 00:00:00,7d3c463f-c5b7-e411-ab49-6c3be5a6aa7c,LEED,SB,24,1,15100,SF,true
2018-01-31 00:00:00,27cc22c4-1cd3-e411-9210-6c3be5a841e0,LEED,SB,24,1,23324,SF,false
2016-09-25 00:00:00,1b5ae41c-24d3-e411-9210-6c3be5a841e0,LEED,SB,37,1,30500.96,SF,false
2014-10-31 00:00:00,95696aad-47e0-e311-b46e-6c3be5a841e0,LEED,SB,58,0,6950,SF,false
2014-08-12 00:00:00,f23c7911-ce06-e411-b50b-6c3be5a841e0,LEED,SB,24,1,8500,SF,true
2014-06-30 00:00:00,c412a4ce-cf06-e411-b50b-6c3be5a841e0,LEED,SB,24,1,8493,SF,false
2014-05-01 00:00:00,f4f7b4e6-d106-e411-b50b-6c3be5a841e0,LEED,SB,24,1,71195,SF,true
2014-07-10 00:00:00,884e4ddd-d506-e411-b50b-6c3be5a841e0,LEED,SB,40,1,5500,SF,false
2015-01-27 00:00:00,8085b741-175e-e411-8a09-6c3be5a8b8b0,LEED,SB,37,0,12500,SF,false
2014-07-07 00:00:00,23413641-e306-e411-96d7-6c3be5a8b8b0,LEED,SB,24,1,4000,SF,false
2014-07-01 00:00:00,2c2cf622-e406-e411-96d7-6c3be5a8b8b0,LEED,SB,24,1,0,SF,false
2014-08-20 00:00:00,ebd93c0c-8c07-e411-96d7-6c3be5a8b8b0,LEED,SB,40,1,5000,SF,false
2018-12-31 00:00:00,a95be713-3e9c-e411-98dc-6c3be5a8b8b0,LEED,SB,58,0,101910,SF,false
2018-10-31 00:00:00,f97973e3-1065-e411-b232-6c3be5a8b8b0,LEED,SB,89,1,43947,SF,false
2014-11-14 00:00:00,72a51839-5e0c-e411-b2a1-6c3be5a8b8b0,LEED,SB,24,1,3500,SF,false
2014-12-31 00:00:00,8547d23e-730c-e411-b2a1-6c3be5a8b8b0,LEED,SB,37,0,38000,SF,true
2014-12-17 00:00:00,9c662025-2735-e411-b4d5-6c3be5a8b8b0,LEED,SB,24,0,1950,SF,false
2014-04-25 00:00:00,5bcb20cf-32b5-e311-accf-6c3be5a8ca30,LEED,SB,24,0,1000,SF,false
2013-07-31 00:00:00,9c0867fc-78ba-e111-bad6-78e3b508f847,LEED,SB,37,0,14376,SF,false
2012-02-29 00:00:00,a60867fc-78ba-e111-bad6-78e3b508f847,LEED,SB,40,0,14925,SF,False
2013-09-24 00:00:00,31287352-b740-e211-8a15-78e3b51146cf,LEED,SB,40,0,10333,SF,false
2016-11-30 00:00:00,5cd140fe-897c-e311-8b1b-78e3b51146cf,LEED,SB,24,1,10000,SF,false
2013-11-04 00:00:00,654aafd2-9a2c-e311-8b1c-78e3b51146cf,LEED,SB,24,0,10160,SF,false
2015-02-28 00:00:00,cd358680-1835-e311-8b1c-78e3b51146cf,LEED,SB,24,1,2000,SF,false
2013-11-04 00:00:00,b7a1c4e6-bc0d-e211-8b25-78e3b51146cf,LEED,SB,24,1,54722.2,SF,false
2013-03-23 00:00:00,565776ef-f690-e211-8bd7-78e3b51146cf,LEED,SB,40,0,14120,SF,False
2015-02-28 00:00:00,56584083-6d95-e211-8bd7-78e3b51146cf,LEED,SB,24,0,47260,SF,false
2014-06-12 00:00:00,50042449-c5da-e211-97d3-78e3b51146cf,LEED,SB,40,1,735,SF,false
2013-01-01 00:00:00,75b22527-7fba-e111-b5df-78e3b511a685,LEED,SB,40,0,9917,SD,false
2013-08-30 00:00:00,d31fcb4b-cf13-e211-8b1a-78e3b511b601,LEED,SB,24,1,9000,SF,false
2013-10-11 00:00:00,32a9addd-55ee-e211-8c1d-78e3b511b601,LEED,SB,24,1,9548,SF,false
2013-07-31 00:00:00,55db786b-e3de-e211-8c41-78e3b511b601,LEED,SB,37,1,1240,SF,false
2013-11-13 00:00:00,10ac12b4-fdcd-e211-8c54-78e3b511b601,LEED,SB,40,1,1000,SF,false
2013-11-25 00:00:00,abcfd399-6103-e211-b721-78e3b511b601,LEED,SB,24,1,34055,SF,false
2014-01-13 00:00:00,283b56f9-b019-e311-b7e1-78e3b511b601,LEED,SB,24,1,3750,SF,false
2014-03-31 00:00:00,d202d746-1b2a-e311-b7e1-78e3b511b601,LEED,SB,24,0,5774,SF,false
2015-06-30 00:00:00,e531f6b1-2ce5-e411-bc42-a45d36fc0a08,LEED,SB,37,0,6465,SF,false
2013-10-24 00:00:00,b1a5d267-437e-43b8-b74f-b0dc00d00885,LEED,SB,40,1,0,SF,false
2016-03-11 00:00:00,947eadb2-f2db-e511-8104-c4346bac0260,LEED,SB,24,1,3035,SF,false
2017-07-15 00:00:00,99d88539-d49a-e511-80f3-c4346bac4b64,LEED,SB,37,0,6800,SF,false
2017-03-15 00:00:00,5b078853-96a3-e511-80f3-c4346bac4b64,LEED,SB,24,1,24350,SF,false
2017-02-28 00:00:00,6b6a3bdf-fe57-e511-80e8-c4346bacb92c,LEED,SB,37,0,34099.33,SF,false
2015-10-31 00:00:00,de5d0338-0258-e511-80e8-c4346bacb92c,LEED,SB,37,0,104796.07,SF,false
2016-06-30 00:00:00,1e4c4255-c188-e511-80f1-c4346bacb92c,LEED,SB,50,1,14850,SF,true
2016-05-31 00:00:00,b83e0eb9-c688-e511-80f1-c4346bacb92c,LEED,SB,24,1,14850,SF,true
2016-03-31 00:00:00,5567af6b-d9b3-e511-80f7-c4346bacb92c,LEED,SB,24,1,7500,SF,false
2018-12-03 00:00:00,d3065df1-9bfa-e511-8109-c4346bacdbe8,LEED,SB,44,1,100010,SF,false
2018-12-31 00:00:00,33d72ab1-0d17-e611-810c-c4346bacdbe8,LEED,SB,24,1,8000,SF,false
2017-09-01 00:00:00,0d4ed731-1247-e711-80ff-e0071b66cf61,LEED,SB,43,0,22000,SF,false
2017-08-31 00:00:00,268ef2ff-3a67-e711-8101-e0071b66cf61,LEED,SB,57,0,6100,SF,false
2019-12-15 00:00:00,7b517b06-0b73-e711-8102-e0071b66cf61,LEED,SB,55,1,16400,SF,false
2018-01-31 00:00:00,6cb650dc-aca4-e711-8107-e0071b66cf61,LEED,SB,55,0,3300,SF,false
2018-02-01 00:00:00,552a146b-c1c8-e711-810f-e0071b66cf61,LEED,SB,82,1,11404,SF,false
2017-12-29 00:00:00,9879f1a9-be76-e711-8108-e0071b6ad191,LEED,SB,44,0,7120,SF,false
2017-10-25 00:00:00,7051a608-1d9c-e711-810c-e0071b6ad191,LEED,SB,24,0,4125,SF,false
2020-07-01 00:00:00,bf7d6cf3-0bb5-e711-8110-e0071b6ad191,LEED,SB,82,1,62992,SF,true
2020-03-31 00:00:00,3da60549-4303-e711-80fd-e0071b715b91,LEED,SB,89,1,13000,SF,false
2018-01-31 00:00:00,8cf6947e-0a2a-e711-8105-e0071b715b91,LEED,SB,24,0,5435,SF,false
2018-01-31 00:00:00,d9604e02-3d2c-e711-8105-e0071b715b91,LEED,SB,55,1,17670.75,SF,false
2018-07-20 00:00:00,9cd9bb76-736d-e711-810b-e0071b715b91,LEED,SB,55,1,3067.89,SF,false
2017-12-31 00:00:00,6e75f692-a08e-e711-810f-e0071b715b91,LEED,SB,89,0,13110,SF,false
2020-01-15 00:00:00,64c4ed32-a012-e811-811d-e0071b715b91,LEED,SB,89,0,13000,SF,false
2018-06-06 00:00:00,f59cf68e-d54a-e711-811b-e0071b7458a1,LEED,SB,55,1,7000,SF,false
2018-02-21 00:00:00,451c26e8-b70d-e811-812f-e0071b7458a1,LEED,SB,44,0,7500,DV,false
2018-04-01 00:00:00,5530259b-2222-e811-8131-e0071b7458a1,LEED,SB,24,1,1650,SF,false
2017-08-11 00:00:00,540867fc-78ba-e111-bad6-78e3b508f847,Commissioning,SB,51,0,41231,SF,false
2012-07-01 00:00:00,560867fc-78ba-e111-bad6-78e3b508f847,GPR,SB,37,0,21600,SF,false
2013-04-01 00:00:00,680867fc-78ba-e111-bad6-78e3b508f847,Commissioning,SB,51,0,19858,SF,false
2013-10-01 00:00:00,7e0867fc-78ba-e111-bad6-78e3b508f847,Commissioning,SB,51,0,44832,SF,false
2013-07-01 00:00:00,860867fc-78ba-e111-bad6-78e3b508f847,Energy Modeling,SB,37,1,22360,SF,false
2013-05-09 00:00:00,880867fc-78ba-e111-bad6-78e3b508f847,LEED,SB,24,1,2000,SF,False
2012-09-17 00:00:00,920867fc-78ba-e111-bad6-78e3b508f847,LEED,SB,24,0,1500,SF,False
2012-03-31 00:00:00,9e0867fc-78ba-e111-bad6-78e3b508f847,Energy Modeling,SB,40,1,2072,SF,false
2013-04-18 00:00:00,a20867fc-78ba-e111-bad6-78e3b508f847,Commissioning,SB,51,0,10132,SF,False
2013-04-09 00:00:00,3d753e15-565c-e211-8a15-78e3b51146cf,Energy Modeling,SB,51,0,8950,SF,false
2013-12-31 00:00:00,8873639b-2038-e311-8b1c-78e3b51146cf,LEED,SB,24,0,4700,SF,false
2016-08-15 00:00:00,c2e472e9-1901-e211-8b25-78e3b51146cf,Commissioning,SB,51,0,25081,SF,false
2013-09-04 00:00:00,2cc4dfb8-1c01-e211-8b25-78e3b51146cf,Commissioning,SB,51,0,66321,SF,false
2014-07-22 00:00:00,dc0da84c-2101-e211-8b25-78e3b51146cf,Commissioning,SB,51,0,10481,SF,false
2012-10-23 00:00:00,584993f6-ee07-e211-8b25-78e3b51146cf,Energy Audit,SB,70,0,8950,SF,False
2013-05-08 00:00:00,4d562f7a-800d-e211-8b25-78e3b51146cf,LEED,SB,24,1,2200,SF,False
2013-09-01 00:00:00,53355108-6512-e211-8b25-78e3b51146cf,Commissioning,SB,51,0,12231,SF,false
2013-04-22 00:00:00,684b1aa2-9661-e211-8c09-78e3b51146cf,Energy Audit,SB,51,1,14025,SF,false
2015-03-01 00:00:00,886f0d86-856a-e211-8c09-78e3b51146cf,Commissioning,SB,51,1,17353.03,SF,false
2012-09-10 00:00:00,58a7d950-55db-e111-8c2b-78e3b51146cf,LEED,SB,24,0,9520,SF,false
2013-04-17 00:00:00,28b6a23e-6e28-e211-8d52-78e3b51146cf,Commissioning,SB,51,1,9425,SF,false
2013-02-12 00:00:00,bf323b1a-0b29-e211-8d52-78e3b51146cf,LEED,SB,24,1,1300,SF,False
2013-06-27 00:00:00,ff721a23-0c29-e211-8d52-78e3b51146cf,Energy Audit,SB,24,1,15950,SF,false
2012-08-01 00:00:00,e2f5bf39-3dc5-e111-8d5c-78e3b51146cf,LEED,SB,37,0,5281.25,SF,false
2012-06-28 00:00:00,47553af0-60c5-e111-8d5c-78e3b51146cf,Compliance,SB,37,0,4000,SF,False
2013-01-22 00:00:00,35419b3e-fad1-e111-8d5c-78e3b51146cf,LEED,SB,40,0,5000,SF,false
2012-10-26 00:00:00,4729ac5a-71ba-e111-b5df-78e3b511a685,Energy Audit,SB,24,0,3950,SF,False
2013-06-24 00:00:00,4d29ac5a-71ba-e111-b5df-78e3b511a685,Energy Modeling,SB,37,1,68479,SF,false
2012-12-12 00:00:00,5b29ac5a-71ba-e111-b5df-78e3b511a685,LEED,SB,40,1,7500,SF,False
2013-04-18 00:00:00,5d29ac5a-71ba-e111-b5df-78e3b511a685,Commissioning,SB,51,0,10132,SF,false
2013-06-01 00:00:00,8d29ac5a-71ba-e111-b5df-78e3b511a685,Commissioning,SB,51,0,10132,SF,false
2014-08-08 00:00:00,9929ac5a-71ba-e111-b5df-78e3b511a685,Commissioning,SB,51,1,10132,SF,false
2013-02-05 00:00:00,b729ac5a-71ba-e111-b5df-78e3b511a685,LEED,SB,37,1,16125,SF,False
2013-06-26 00:00:00,7fb22527-7fba-e111-b5df-78e3b511a685,LEED,SB,24,0,50500,SF,false
2012-09-01 00:00:00,81b22527-7fba-e111-b5df-78e3b511a685,Energy Audit,SB,24,0,27750,SF,false
2012-08-01 00:00:00,c303659a-83ba-e111-b5df-78e3b511a685,Energy Modeling,SB,40,0,23146,SF,false
2012-06-30 00:00:00,9ddf0e4e-52c1-e111-8af8-78e3b511b601,Energy Modeling,SB,40,1,6500,SF,false
2013-03-31 00:00:00,54376dee-f2c9-e111-8af8-78e3b511b601,LEED,SB,37,0,8000,SF,False
2012-09-30 00:00:00,46844b4d-4dd1-e111-8af8-78e3b511b601,Energy Audit,SB,24,1,4725,SF,false
2013-05-22 00:00:00,a9ce102f-51d1-e111-8af8-78e3b511b601,Compliance,SB,70,0,2550,SF,False
2015-06-30 00:00:00,9e8e0b33-52d1-e111-8af8-78e3b511b601,Commissioning,SB,51,1,16921,SF,false
2012-09-18 00:00:00,5e00652b-b8d6-e111-8af8-78e3b511b601,LEED,SB,40,1,2500,SF,False
2013-12-31 00:00:00,85da1270-2013-e211-8b1a-78e3b511b601,Energy Modeling,SB,51,0,38500,SF,false
2013-02-07 00:00:00,b0b4c95b-cd13-e211-8b1a-78e3b511b601,Energy Audit,SB,24,1,7000,SF,false
2012-12-21 00:00:00,aaf9695a-a838-e211-8b98-78e3b511b601,LEED,SB,37,0,3375,SF,False
2013-02-15 00:00:00,a8db0687-f555-e211-8b98-78e3b511b601,Energy Modeling,SB,51,1,3500,SF,false
2013-10-16 00:00:00,089c88b9-f7dc-e111-8bb2-78e3b511b601,Commissioning,SB,51,0,10741,SF,False
2013-01-01 00:00:00,859e461c-84ba-e111-8be7-78e3b511b601,LEED,SB,24,0,21723.02,SF,false
2013-04-15 00:00:00,9aa72c0f-85ba-e111-8be7-78e3b511b601,Commissioning,SB,51,0,12721,SF,false
2013-04-17 00:00:00,38fe4d79-86ba-e111-8be7-78e3b511b601,Commissioning,SB,51,0,6236,SF,false
2012-08-12 00:00:00,cec1403a-87ba-e111-8be7-78e3b511b601,Energy Audit,SB,24,0,3200,SF,false
2013-06-30 00:00:00,3c5dcbf2-8a7b-e211-8c15-78e3b511b601,Commissioning,SB,51,0,10231,SF,false
2018-01-31 00:00:00,2bfe208e-6463-e211-8d2f-78e3b511b601,Commissioning,SB,51,1,28831,SF,false
2013-07-01 00:00:00,65d87c4f-5367-e211-8d2f-78e3b511b601,LEED,SB,40,1,10000,SF,false
2013-02-08 00:00:00,c1e8e41c-f76e-e211-8d2f-78e3b511b601,Energy Modeling,SB,51,1,16450,SF,false
2013-04-23 00:00:00,f371df1b-f86e-e211-8d2f-78e3b511b601,Energy Modeling,SB,51,0,3150,SF,false
2013-05-17 00:00:00,7cb5e811-5f07-e211-b721-78e3b511b601,Energy Audit,SB,24,0,26297.5,SF,false
2013-06-20 00:00:00,49b6cb99-aa4b-e211-8a15-78e3b51146cf,HPPM,PM,37,1,7747.5,SF,false
2013-05-31 00:00:00,3bb0898e-a67b-e211-8b44-78e3b51146cf,Incentives & Rebates,PM,70,0,4960,SF,false
2013-09-30 00:00:00,9904d97b-d785-e211-8bd7-78e3b51146cf,HPPM,PM,37,0,49090,SF,false
2012-07-31 00:00:00,0e15a8e4-d6ba-e111-8ca7-78e3b51146cf,Incentives & Rebates,PM,70,1,2100,SF,false
2011-12-01 00:00:00,7329ac5a-71ba-e111-b5df-78e3b511a685,Compliance,PM,37,1,4520,SF,false
2013-04-04 00:00:00,83b22527-7fba-e111-b5df-78e3b511a685,HPPM,PM,37,1,5650,SF,false
2015-10-31 00:00:00,12da717d-41db-e111-8bb2-78e3b511b601,Incentives & Rebates,PM,37,0,7500,SF,false
2013-04-10 00:00:00,b904f140-b970-e211-8c15-78e3b511b601,HPPM,PM,37,1,8700,SF,false
2016-08-01 00:00:00,b52c962d-48ed-e111-b721-78e3b511b601,Compliance,PM,58,1,72760,SF,false
2012-10-31 00:00:00,96aabcfd-b509-e211-b721-78e3b511b601,HPPM,PM,40,0,4600,SF,False
2020-01-31 00:00:00,21659830-7cd9-e911-a98c-000d3a378dd3,Strategic Planning,OP,49,1,13455,DV,false
2020-01-30 00:00:00,d0b7be13-e4de-e911-a98e-000d3a378dd3,Compliance,EN,33,0,2250,SF,false
2020-02-01 00:00:00,53d9662b-e1f6-e911-a813-000d3a36886f,PM TI,PM,21,1,16380,SF,false
2019-02-22 00:00:00,791b861c-fb59-e811-a94e-000d3a37870e,PM TI,PM,54,1,185714,SF,false
2020-01-15 00:00:00,b097d474-32cf-e911-a97c-000d3a378ca2,PM TI,PM,54,1,6197.5,SF,false
2019-03-31 00:00:00,97a95046-ae6d-e811-a956-000d3a378f36,PM TI,PM,54,1,59500,SF,false
2017-02-28 00:00:00,ec2c9967-65d7-e611-80fa-5065f38afa01,HPPM,PM,37,1,10000,SF,false
2017-11-22 00:00:00,24f3fa9c-4392-e211-8bd7-78e3b51146cf,HPPM,PM,70,1,0,SF,false
2020-02-01 00:00:00,d33e6085-c835-ea11-a813-000d3a368be7,Strategic Planning,PM,37,0,6000,SF,false
2019-10-01 00:00:00,fae7ca11-7c51-e911-a971-000d3a3780dd,PM Ground Up,PM,37,0,17412,SF,false
2020-03-01 00:00:00,9f6b883a-c6cd-e911-a979-000d3a3780dd,PM TI,PM,32,0,38000,SF,false
2020-03-01 00:00:00,4a6c7d00-c8cd-e911-a979-000d3a3780dd,PM TI,PM,25,0,47700,SF,false
2019-09-01 00:00:00,5dba3750-aa75-e911-a977-000d3a37839b,PM Ground Up,PM,37,1,299192.75,SF,false
2022-07-31 00:00:00,42c1b89f-6014-e911-a966-000d3a37870e,PM Ground Up,PM,37,0,170000,DV,false
2019-09-30 00:00:00,db4b1d11-8cd8-e911-a98b-000d3a378dd3,PM Ground Up,PM,25,1,46641,SF,false
2019-03-01 00:00:00,6bdde777-5117-e911-a966-000d3a3780dd,PM TI,PM,54,1,8350,SF,false
2019-05-31 00:00:00,6db43bf5-5217-e911-a966-000d3a3780dd,PM TI,PM,54,1,16480,SF,false
2018-08-31 00:00:00,3b192c6c-c574-e811-a956-000d3a37839b,LEED,PM,37,0,0,SF,false
2018-08-31 00:00:00,67b29502-c674-e811-a956-000d3a37839b,Strategic Planning,PM,37,0,4000,SF,false
2018-10-30 00:00:00,e69a59aa-4f94-e811-a959-000d3a37839b,PM TI,PM,54,1,1485,SF,false
2019-08-31 00:00:00,162c54f8-77f2-e811-a965-000d3a37839b,Energy Audit,PM,37,1,10000,SF,false
2019-04-30 00:00:00,4a4b3e7a-58fe-e811-a96a-000d3a37839b,PM TI,PM,54,1,37750,SF,false
2018-12-31 00:00:00,127f139e-9d78-e811-a953-000d3a37870e,HPPM,PM,58,1,30200,SF,false
2019-09-01 00:00:00,0c5861a2-9e78-e811-a953-000d3a37870e,HPPM,PM,37,0,99855,SF,false
2019-05-31 00:00:00,451c6b54-fb0a-e911-a964-000d3a37870e,PM TI,PM,54,1,19570,SF,false
2018-12-31 00:00:00,d4cabc53-3089-e811-a957-000d3a378dd3,PM TI,PM,77,0,40785,SF,true
2019-02-28 00:00:00,368f5acd-c8a4-e811-a95a-000d3a378dd3,HPPM,PM,37,0,198091,SF,false
2018-12-10 00:00:00,b7bf7f01-d8f1-e811-a962-000d3a378dd3,Strategic Planning,PM,37,0,9700,SF,false
2018-01-31 00:00:00,024c4c6f-0fc3-e611-80f9-5065f38afa01,Compliance,PM,66,1,3489.6,SF,false
2017-05-31 00:00:00,a1ff3e54-e4b7-e611-80f4-5065f38b4491,Strategic Planning,PM,37,1,6000,SF,false
2016-09-27 00:00:00,61312bbf-9f86-e611-80ed-5065f38b5171,Brokerage,PM,69,0,8000,SF,false
2019-01-01 00:00:00,1a3c5fd4-40be-e611-80f5-5065f38b5171,Energy Modeling,PM,37,0,12125,SF,false
2018-01-31 00:00:00,4ffa9dbc-01e7-e611-80f9-5065f38b5171,LBC,PM,66,0,3700,SF,false
2016-12-15 00:00:00,123a3769-0ff8-e311-93d1-6c3be5a6aa7c,HPPM,PM,37,0,7020,SF,false
2014-08-18 00:00:00,b8b8f736-8b13-e411-964e-6c3be5a6aa7c,Compliance,PM,51,0,2200,SF,false
2015-03-21 00:00:00,bda6328d-a4a1-e411-b301-6c3be5a6aa7c,Incentives & Rebates,PM,37,0,660,SF,false
2014-08-14 00:00:00,15920e5e-7d38-e411-b376-6c3be5a6aa7c,LEED,PM,58,0,4250,SF,false
2014-08-09 00:00:00,5d9d2a0c-5ac0-e311-aa0f-6c3be5a841e0,LCCA,PM,24,1,10000,SF,false
2014-08-20 00:00:00,10c6b2da-8fdf-e311-b46e-6c3be5a841e0,HPPM,PM,40,1,17500,SF,false
2016-03-01 00:00:00,468e264f-d102-e411-b50b-6c3be5a841e0,HPPM,PM,40,0,94200,SF,false
2016-08-27 00:00:00,b4660649-212e-e411-bfa0-6c3be5a841e0,Incentives & Rebates,PM,37,0,50000,SF,false
2014-12-03 00:00:00,cc734b42-db70-e411-83c9-6c3be5a8b8b0,HPPM,PM,24,0,4810,SF,true
2015-07-31 00:00:00,6c3e4f13-23b6-e411-8d3b-6c3be5a8b8b0,Strategic Planning,PM,40,1,491351,SF,true
2015-05-20 00:00:00,dcbe7b8c-61e0-e311-9408-6c3be5a8b8b0,Compliance,PM,58,0,10000,SF,false
2014-05-16 00:00:00,db290968-c695-e311-a9b6-6c3be5a8b8b0,Incentives & Rebates,PM,70,0,16250,SF,false
2013-08-30 00:00:00,e42f875e-4fee-e211-8a2e-78e3b51146cf,HPPM,PM,37,1,14950,SF,false
2014-01-15 00:00:00,9fddb58f-5167-e311-8b1b-78e3b51146cf,Incentives & Rebates,PM,51,1,1080,SF,false
2014-02-28 00:00:00,a2352007-e182-e311-8b1b-78e3b51146cf,Incentives & Rebates,PM,51,1,5900,SF,false
2015-11-30 00:00:00,fce37f62-2581-e211-8bd7-78e3b51146cf,Incentives & Rebates,PM,37,0,6520,SF,false
2014-04-30 00:00:00,0653f871-ac11-e311-8c30-78e3b51146cf,HPPM,PM,40,0,7425,SF,false
2013-06-07 00:00:00,ac43d9c5-e2b0-e211-8a96-78e3b511b601,HPPM,PM,37,0,9000,SF,false
2013-08-21 00:00:00,2e572049-42d5-e211-8cf1-78e3b511b601,HPPM,PM,37,1,3500,SF,False
2013-10-10 00:00:00,1e29b9aa-9a27-e311-b7e1-78e3b511b601,HPPM,PM,37,0,1240,SF,false
2016-01-29 00:00:00,a0a068c6-85c6-e411-9d03-a45d36fc0a08,Strategic Planning,PM,50,0,7500,SF,false
2016-06-30 00:00:00,bc57ae87-54c7-e411-9d03-a45d36fc0a08,Strategic Planning,PM,40,0,48000,SF,false
2017-11-30 00:00:00,a53de2a2-c476-e511-80f0-c4346bac0260,LEED,PM,66,0,14760,SF,false
2017-05-06 00:00:00,f1c0dcf0-7f3e-e611-8117-c4346bac0260,HPPM,PM,42,1,42180.75,SF,false
2016-04-12 00:00:00,5b683a9f-2c57-e511-80e3-c4346bac4b64,Strategic Planning,PM,40,0,295680,SF,true
2019-02-28 00:00:00,09c6ce6e-a2e0-e511-80fa-c4346bac4b64,HPPM,PM,37,0,28000,SF,false
2015-12-15 00:00:00,523b69c3-f057-e511-80e8-c4346bacb92c,Strategic Planning,PM,58,1,166100,SF,true
2016-08-31 00:00:00,f1d729be-9f22-e611-8104-c4346bacb92c,Compliance,PM,37,0,2475,SF,false
2014-12-21 00:00:00,022f8f9a-6aff-43fe-ad5b-c4c1242a356c,LEED,PM,58,1,3500,SF,false
2017-03-31 00:00:00,2109a06c-9cf7-e611-80f2-e0071b66cf61,HPPM,PM,37,0,10500,DV,false
2018-02-28 00:00:00,c8c2be0c-7920-e711-80f8-e0071b66cf61,HPPM,PM,66,1,74525,SF,false
2017-05-12 00:00:00,faccdcdf-7a20-e711-80f8-e0071b66cf61,HPPM,PM,66,0,11100,SF,false
2017-12-08 00:00:00,de18f4c7-625b-e711-8100-e0071b66cf61,PM TI,PM,42,0,22800,SF,false
2018-03-30 00:00:00,9fe7e453-0e14-e711-80fd-e0071b6ad191,PM TI,PM,42,0,69560,SF,false
2018-03-31 00:00:00,5908bc50-5825-e711-80fe-e0071b6ad191,HPPM,PM,37,0,40184,DV,false
2017-06-05 00:00:00,4009ec4b-0526-e711-80ff-e0071b6ad191,Strategic Planning,PM,37,0,10500,SF,false
2018-01-01 00:00:00,23ac46ec-7457-e711-8106-e0071b6ad191,HPPM,PM,40,1,29720,SF,false
2018-09-09 00:00:00,58f68969-3452-e811-8128-e0071b6ad191,PM TI,PM,54,0,9500,SF,false
2018-09-28 00:00:00,39d2947d-a90d-e711-80fe-e0071b715b91,PM TI,PM,42,0,120620,SF,false
2018-01-31 00:00:00,74326340-aa0d-e711-80fe-e0071b715b91,PM TI,PM,42,0,65000,SF,false
2017-08-31 00:00:00,9f6056b8-0a1f-e711-8102-e0071b715b91,HPPM,PM,66,0,59999,SF,false
2018-02-28 00:00:00,2241c926-c6b8-e711-8115-e0071b715b91,PM TI,PM,42,1,33855,SF,false
2018-07-03 00:00:00,2ae06ff7-7e36-e711-8116-e0071b7458a1,PM TI,PM,37,0,61806,SF,false
2018-03-31 00:00:00,03e563c5-623a-e711-8117-e0071b7458a1,PM TI,PM,66,0,186701,SF,false
2018-11-15 00:00:00,d389fd9a-6979-e711-811e-e0071b7458a1,PM TI,PM,77,0,130410,SF,false
2019-04-19 00:00:00,7761e7fb-5d01-e811-812f-e0071b7458a1,PM TI,PM,54,1,114530,SF,true
2019-04-19 00:00:00,19facc24-c215-e811-812f-e0071b7458a1,PM TI,PM,54,1,110198,SF,false
2018-10-01 00:00:00,3554652b-a636-e811-8135-e0071b7458a1,PM TI,PM,74,0,40400,SF,false
2018-10-31 00:00:00,c1c64a12-9dc6-e811-a95d-000d3a3780dd,Commissioning,EN,81,0,4416.63,SF,false
2020-10-01 00:00:00,76e99780-3420-e911-a96b-000d3a3780dd,Commissioning,EN,81,0,39810,SF,false
2019-04-15 00:00:00,ed611e57-85f9-e811-a966-000d3a37839b,Commissioning,EN,24,0,15250,SF,false
2019-06-30 00:00:00,c0b4260b-b166-e911-a975-000d3a37839b,Commissioning,EN,81,0,4500,SF,false
2019-06-30 00:00:00,4fd7d3bd-b166-e911-a975-000d3a37839b,Commissioning,EN,81,0,15600,SF,false
2018-11-30 00:00:00,aa17459a-9ccd-e811-a960-000d3a37870e,Commissioning,EN,86,0,13640,SF,false
2019-12-31 00:00:00,77648bb2-462e-e911-a964-000d3a378ca2,Commissioning,EN,81,1,21370,SF,false
2019-08-31 00:00:00,1a8a0c11-62af-e911-a97e-000d3a378f36,Commissioning,EN,81,0,2500,SF,false
2018-01-31 00:00:00,d500563e-ccc3-e611-80f9-5065f38afa01,Commissioning,EN,81,0,49700,SF,false
2019-04-13 00:00:00,f04d9afb-e58b-e611-80ed-5065f38b4491,Commissioning,EN,45,1,23435,SF,false
2018-12-03 00:00:00,dd57869b-ded9-e611-80f7-5065f38b4491,Commissioning,EN,81,0,112100,SF,false
2018-06-01 00:00:00,277dd8c3-1247-e711-80ff-e0071b66cf61,Commissioning,EN,81,0,4860,SF,false
2018-10-20 00:00:00,b6daa6a5-f7b5-e711-8114-e0071b715b91,Commissioning,EN,81,0,12665,SF,true
2018-10-20 00:00:00,008c1edb-f7b5-e711-8114-e0071b715b91,Commissioning,EN,81,1,63832,SF,true
2020-07-01 00:00:00,91812a8f-dede-e711-811a-e0071b715b91,Commissioning,EN,81,0,123600,SF,true
2018-10-13 00:00:00,30e315a8-9041-e811-8126-e0071b715b91,Commissioning,EN,81,0,47230,SF,true
2020-03-01 00:00:00,7be301fe-fb1a-ea11-a811-000d3a36880e,Commissioning,EN,81,1,24033,SF,false
2018-11-01 00:00:00,2605c26a-efaa-e811-a95c-000d3a3780dd,Commissioning,SB,81,0,5800,SF,true
2020-03-01 00:00:00,646c53c0-96b0-e811-a95c-000d3a3780dd,Commissioning,SB,45,1,62370,SF,true
2020-12-31 00:00:00,fb56f81c-8cf9-e811-a966-000d3a37839b,Commissioning,EN,45,1,33250,SF,true
2018-12-31 00:00:00,8345ea7e-fd59-e811-a94e-000d3a37870e,Commissioning,EN,24,1,12105,SF,false
2019-09-30 00:00:00,fafa7e5d-3091-e911-a975-000d3a37870e,Commissioning,SB,45,1,40770,SF,true
2019-10-31 00:00:00,77d66106-7b76-e811-a955-000d3a378ca2,Commissioning,SB,45,0,5420,SF,false
2019-11-30 00:00:00,7b9b635b-3280-e611-80ef-5065f38afa01,Commissioning,SB,24,1,29300,SF,false
2018-04-30 00:00:00,b3dae255-104d-e611-80e5-5065f38b4491,Commissioning,SB,51,1,46400,SF,false
2018-01-31 00:00:00,ea1a3211-5eb7-e611-80f4-5065f38b4491,Commissioning,SB,45,1,33150,SF,true
2016-07-06 00:00:00,147ba2b1-b9fc-e311-b50b-6c3be5a841e0,Commissioning,SB,51,0,10827.18,SF,false
2016-04-27 00:00:00,8eb4664e-115e-e411-8a09-6c3be5a8b8b0,Commissioning,SB,45,0,40865,SF,false
2019-03-31 00:00:00,9b4ef40e-23ed-e411-a607-6c3be5a8b8b0,Commissioning,SB,51,1,128540,SF,false
2016-06-10 00:00:00,599c48dd-0d1c-e411-b762-6c3be5a8b8b0,Commissioning,SB,51,0,56875,SF,false
2016-03-04 00:00:00,70000f23-86d1-e311-8efd-6c3be5a8ca30,Commissioning,SB,51,1,19590,SF,false
2014-11-01 00:00:00,e6638337-c82b-e311-8b1c-78e3b51146cf,Commissioning,SB,51,0,16476,SF,false
2014-11-14 00:00:00,f05b4999-744d-e311-8b1c-78e3b51146cf,Commissioning,SB,51,0,10000,SF,false
2014-06-01 00:00:00,f5529475-30cd-e211-8b9c-78e3b51146cf,Commissioning,SB,51,0,35531,SF,false
2015-09-30 00:00:00,f6942f62-2681-e211-8c2c-78e3b511b601,Commissioning,SB,51,0,11231,SF,false
2018-01-31 00:00:00,f35ff683-4a63-e211-8d2f-78e3b511b601,Commissioning,SB,51,1,16391,SF,false
2014-06-01 00:00:00,57df13fd-ff25-e311-b7e1-78e3b511b601,Commissioning,SB,51,0,5500,SF,false
2018-01-31 00:00:00,638d4cf5-d1c9-e411-9d03-a45d36fc0a08,Commissioning,SB,51,0,34770,SF,false
2015-09-30 00:00:00,370faa66-d59f-4af0-9fa1-af3469d6be5d,Commissioning,SB,51,0,11006.38,SF,false
2017-03-31 00:00:00,a781f2a3-3cc9-e511-80f6-c4346bac4b64,Commissioning,SB,51,0,17270,SF,false
2017-09-27 00:00:00,4dfbef50-ae10-e611-8101-c4346bac4b64,Commissioning,SB,51,0,22850,SF,false
2017-07-13 00:00:00,0a27ad09-8014-e511-80e0-c4346bac5940,Commissioning,SB,51,1,39210,SF,true
2018-03-01 00:00:00,a6ab2efa-dcca-e511-80f9-c4346bacb92c,Commissioning,SB,81,0,52640,SF,false
2018-10-01 00:00:00,ab74da71-e9b4-e711-8110-e0071b6ad191,Commissioning,SB,45,1,47240,SF,true
2018-12-01 00:00:00,7585e601-a0d3-e711-8115-e0071b6ad191,Commissioning,SB,81,1,37500,SF,true
2018-05-14 00:00:00,eaf0b097-0f09-e711-80fe-e0071b715b91,Commissioning,EN,81,0,10900,SF,false
2019-02-04 00:00:00,8e48c14e-431e-e711-8102-e0071b715b91,Commissioning,SB,45,0,59310,SF,true
2018-12-01 00:00:00,dfadd128-a336-e711-8105-e0071b715b91,Commissioning,SB,45,1,33190,SF,true
2020-05-01 00:00:00,b84e915e-fc67-e711-810b-e0071b715b91,Commissioning,EN,45,1,80590,SF,true
2018-11-23 00:00:00,f522c625-a906-e811-811d-e0071b715b91,Commissioning,SB,45,0,13770,SF,true
2019-03-01 00:00:00,9d294b6d-ddfe-e611-810c-e0071b7458a1,Commissioning,SB,45,1,66590,SF,true
2018-05-01 00:00:00,08a5833e-b118-e711-8112-e0071b7458a1,Commissioning,SB,81,0,6100,SF,false
2018-11-01 00:00:00,b7f727f7-6e62-e711-811c-e0071b7458a1,Commissioning,SB,45,1,56060,SF,true
2019-01-02 00:00:00,91db03c3-7cb6-e711-8126-e0071b7458a1,Commissioning,EN,45,1,160730,SF,true
2020-11-30 00:00:00,5445e695-11d6-e711-812b-e0071b7458a1,Commissioning,EN,81,0,25000,SF,false
2019-12-31 00:00:00,6aa794b2-d4e5-e711-812d-e0071b7458a1,Commissioning,SB,45,1,24620,DV,true
2018-06-01 00:00:00,95ddba67-8307-e811-812f-e0071b7458a1,Commissioning,SB,45,1,11950,SF,true
2020-04-01 00:00:00,10cb571a-e218-e811-812f-e0071b7458a1,Commissioning,EN,81,1,71810,SF,false
2020-07-31 00:00:00,8fc2b5cb-5077-e911-a977-000d3a37839b,PM TI,PM,79,1,297000,SF,false
2016-03-01 00:00:00,9c159a6f-f61b-e411-98c5-6c3be5a6aa7c,HPPM,PM,40,0,111060,SF,false
2015-05-31 00:00:00,9900d651-031c-e411-98c5-6c3be5a6aa7c,LCCA,PM,24,0,9240,SF,false
2016-07-26 00:00:00,3df8e848-bba5-e411-b301-6c3be5a6aa7c,LEED,PM,37,1,88110.64,SF,false
2018-12-31 00:00:00,45e4e399-66a2-e411-98dc-6c3be5a8b8b0,M&V,EN,82,1,16485,SF,false
2017-08-31 00:00:00,058b092f-6aa2-e411-98dc-6c3be5a8b8b0,Energy Modeling,EN,24,1,62834,SF,false
2014-03-14 00:00:00,79f8d27b-db8a-e311-8b1b-78e3b51146cf,HPPM,PM,37,0,129379,SF,false
2013-07-09 00:00:00,02844a70-216f-e211-8c09-78e3b51146cf,LEED,PM,24,0,8680,SF,false
2014-04-29 00:00:00,d731d0cd-da8d-e311-8a37-78e3b511b601,LCCA,PM,24,1,13640,SF,false
2013-07-01 00:00:00,287a36af-0ac7-e211-8c54-78e3b511b601,HPPM,PM,24,0,31503,SF,false
2018-10-20 00:00:00,08f21575-2d66-e511-80eb-c4346bacb92c,LEED,PM,37,1,71789.9,SF,false
2016-05-25 00:00:00,9a2a0b10-e683-e511-80f1-c4346bacb92c,HPPM,PM,55,1,7200,SF,false
2019-04-30 00:00:00,0b5e06d5-ae48-e811-8120-e0071b66cf61,PM TI,PM,79,1,297000,SF,false
2019-03-31 00:00:00,565eb0f9-213c-e711-8102-e0071b6ad191,HPPM,PM,37,1,127160,SF,false
2020-07-01 00:00:00,d4a78005-8241-ea11-a812-000d3a368be7,Materials,SB,9,1,4000,SF,true
2018-04-11 00:00:00,1ba5c216-8a6a-e811-a955-000d3a37839b,LEED,SB,67,0,0,SF,true
2019-12-31 00:00:00,21ea5731-42f8-e811-a965-000d3a37839b,Strategic Planning,SB,58,1,249500,SF,true
2020-03-15 00:00:00,fc5381e6-f428-e911-a964-000d3a378ca2,LEED,SB,39,1,36250,SF,false
2019-05-08 00:00:00,ffcf6fd4-6f46-e911-a96a-000d3a378ca2,LEED,SB,78,0,5280,DV,false
2019-10-20 00:00:00,d1f47c20-95b9-e911-a97e-000d3a378f36,Strategic Planning,SB,84,0,15720,SF,true
2017-01-13 00:00:00,b32d8889-5dcd-e611-80fa-5065f38afa01,Energy Audit,SB,53,1,14000,SF,false
2017-12-15 00:00:00,04f7fd63-fcef-e611-80f9-5065f38b4491,Energy Modeling,SB,46,1,14088,SF,false
2018-01-31 00:00:00,1ca9aaa5-e5dd-e611-80f7-5065f38be0e1,Energy Modeling,SB,55,1,16705,SF,false
2019-07-15 00:00:00,d860cb39-e6dd-e611-80f7-5065f38be0e1,LEED,SB,55,0,80860,SF,false
2017-12-31 00:00:00,b63423c6-86de-e611-80f7-5065f38be0e1,Strategic Planning,SB,58,0,79200,SF,true
2018-12-31 00:00:00,cb65f356-a9de-e611-80f7-5065f38be0e1,Strategic Planning,SB,67,0,120960,SF,false
2015-05-31 00:00:00,130c825b-f81b-e411-98c5-6c3be5a6aa7c,Energy Modeling,SB,37,0,15750,SF,false
2016-05-31 00:00:00,f2beeddc-031c-e411-98c5-6c3be5a6aa7c,M&V,SB,53,1,12250,SF,false
2015-09-02 00:00:00,48b3d465-125e-e411-8a09-6c3be5a8b8b0,Energy Modeling,SB,37,1,1800,SF,false
2017-08-31 00:00:00,82d56937-5ece-e411-8a8d-6c3be5a8b8b0,Compliance,SB,24,0,4480,SF,false
2014-08-04 00:00:00,d9d83287-97fc-e311-96d7-6c3be5a8b8b0,Education,SB,24,0,3000,SF,false
2020-04-17 00:00:00,a3ae586a-62a2-e411-98dc-6c3be5a8b8b0,LEED,SB,82,0,109338,SF,false
2015-06-11 00:00:00,e8f8d0c0-dccb-e311-8efd-6c3be5a8ca30,LEED,SB,24,0,206693.29,SF,true
2013-07-31 00:00:00,6c0867fc-78ba-e111-bad6-78e3b508f847,Energy Modeling,SB,37,1,15656,SF,false
2014-11-30 00:00:00,87a6ec4a-9f1c-e211-8b05-78e3b51146cf,LEED,SB,37,1,28307.5,SF,false
2018-01-31 00:00:00,df638002-2f56-e311-8b1b-78e3b51146cf,LEED,SB,24,1,58900.04,SF,false
2014-02-28 00:00:00,95537cb7-dc8a-e311-8b1b-78e3b51146cf,Energy Modeling,SB,37,0,35250,SF,false
2013-12-12 00:00:00,f32e9e11-0381-e211-8bd7-78e3b51146cf,Energy Modeling,SB,51,0,5425,SF,false
2015-11-11 00:00:00,c4f7421a-d082-e211-8bd7-78e3b51146cf,Energy Modeling,SB,51,1,6500,SF,false
2014-03-19 00:00:00,b7fdf68c-df8d-e311-8a37-78e3b511b601,Energy Modeling,SB,55,0,16250,SF,false
2015-05-31 00:00:00,70454a3d-dab2-e211-8a96-78e3b511b601,Energy Modeling,SB,51,1,4120,SF,false
2014-04-01 00:00:00,3f7b642b-d38c-e211-8c2c-78e3b511b601,LEED,SB,37,1,5465,SF,False
2013-10-14 00:00:00,7d410caf-9142-e311-b7e1-78e3b511b601,GPR,SB,40,0,2015,SF,false
2018-01-31 00:00:00,3e0631d2-d502-e611-810d-c4346bac0260,LEED,SB,84,0,48175,SF,false
2016-12-31 00:00:00,5990ad5b-1729-e611-8114-c4346bac0260,Strategic Planning,SB,58,0,60060,SF,false
2015-10-13 00:00:00,391231f7-8d29-e511-80da-c4346bac4b64,LEED,SB,58,1,7500,SF,true
2015-08-03 00:00:00,401c1277-652a-e511-80da-c4346bac4b64,LEED,SB,57,1,11160,SF,true
2018-12-31 00:00:00,b41f4be5-3bc9-e511-80f6-c4346bac4b64,Energy Modeling,SB,46,1,15480,SF,false
2016-07-18 00:00:00,5cbce0cb-b931-e611-810a-c4346bac4b64,LEED,SB,57,1,12600,SF,true
2018-03-28 00:00:00,87442150-c8ca-e511-80f9-c4346bacb92c,Energy Modeling,SB,72,1,29210,SF,false
2018-01-31 00:00:00,9699bcca-a139-e611-810a-c4346bacb92c,M&V,SB,45,1,13250,SF,false
2018-03-27 00:00:00,1957035e-3b55-e711-8100-e0071b66cf61,Energy Modeling,SB,46,0,14780,SF,false
2018-07-01 00:00:00,057e711e-3c55-e711-8100-e0071b66cf61,LEED,SB,44,0,22830,SF,false
2018-01-31 00:00:00,adaede4f-c977-e711-8102-e0071b66cf61,Strategic Planning,SB,24,1,27405,SF,false
2018-12-31 00:00:00,36259e8c-ebfb-e711-8116-e0071b66cf61,Strategic Planning,SB,67,0,55680,SF,true
2018-06-06 00:00:00,0b8f0556-6005-e811-8116-e0071b66cf61,Energy Modeling,SB,46,0,12000,SF,false
2019-02-01 00:00:00,6b58442d-da26-e811-8119-e0071b66cf61,LEED,SB,84,0,18500,SF,false
2018-10-01 00:00:00,eb54d07d-0947-e811-8120-e0071b66cf61,LEED,SB,84,1,8500,SF,true
2018-10-01 00:00:00,ac3ca229-7d24-e711-80fe-e0071b6ad191,LEED,SB,89,1,5940,SF,false
2019-10-23 00:00:00,d983caaa-2526-e711-80ff-e0071b6ad191,Energy Modeling,SB,72,1,36359,SF,false
2018-11-14 00:00:00,b26039ec-0e09-e711-80fe-e0071b715b91,LEED,SB,89,1,5940,SF,false
2018-01-31 00:00:00,2521f67c-c777-e711-811e-e0071b7458a1,Strategic Planning,SB,24,1,22326,SF,false
2018-02-28 00:00:00,30a1219b-82b7-e711-8127-e0071b7458a1,M&V,SB,81,0,12810,SF,true
2018-10-01 00:00:00,680e9448-8107-e811-812f-e0071b7458a1,LEED,SB,58,0,9300,SF,true
2018-10-01 00:00:00,cb0060ef-8207-e811-812f-e0071b7458a1,LEED,SB,58,0,9300,SF,true
2014-11-17 00:00:00,7fe8017d-3753-e411-b300-6c3be5a841e0,Strategic Planning,PM,37,1,5500,SF,false
2019-03-08 00:00:00,eafb81e7-63a2-e411-98dc-6c3be5a8b8b0,Energy Modeling,EN,82,1,44112,SF,false
2015-09-30 00:00:00,a6b62fb1-aa11-e311-8c30-78e3b51146cf,Commissioning,SB,51,1,14546.28,SF,false
2016-05-20 00:00:00,8329ac5a-71ba-e111-b5df-78e3b511a685,Commissioning,SB,51,1,18000,SF,false
2014-01-31 00:00:00,7bb22527-7fba-e111-b5df-78e3b511a685,GPR,SB,37,1,9859,SF,false
2020-04-30 00:00:00,470db96a-434a-e811-8120-e0071b66cf61,WELL,SB,82,1,157970,SF,true
2018-03-01 00:00:00,29cdfb16-4ea5-e711-8110-e0071b715b91,PM Ground Up,PM,37,1,186460,SF,false
2018-09-30 00:00:00,41ea2549-914a-e511-80e3-c4346bac0260,LEED,PM,37,0,12871.25,SF,false
2018-01-01 00:00:00,773264cd-bb60-e511-80eb-c4346bacdbe8,LEED,PM,37,1,32105,SF,false
2018-04-30 00:00:00,cac3c2d0-ca82-e711-811f-e0071b7458a1,LEED,PM,37,0,17387,SF,false
2020-07-01 00:00:00,5cf060c4-1a70-e911-a977-000d3a37839b,LEED,SB,44,1,40543.8,SF,true
2023-06-01 00:00:00,1508c883-5277-e911-a977-000d3a37839b,LEED,SB,39,1,35500,SF,false
2020-02-25 00:00:00,5e47cb91-8070-e611-80ed-5065f38afa01,LEED,SB,58,1,96908.75,SF,true
2018-01-31 00:00:00,a3b674a5-757b-e611-80ee-5065f38afa01,LEED,SB,24,1,14000,SF,false
2018-07-01 00:00:00,2f46b26b-506a-e611-80ea-5065f38b5171,LEED,SB,89,1,25000,SF,false
2019-08-30 00:00:00,de030c53-b6c7-e611-80f5-5065f38be0e1,LEED,SB,89,1,86650,SF,false
2019-12-31 00:00:00,c5ae3039-29e4-e611-80f8-5065f38be0e1,LEED,SB,44,1,24800,DV,false
2015-11-18 00:00:00,6d1fa5e9-a066-e411-ad1d-6c3be5a6aa7c,LEED,SB,24,0,53500,SF,true
2018-01-31 00:00:00,91fb0d80-00e2-e311-9408-6c3be5a8b8b0,LEED,SB,24,0,33951,SF,false
2015-08-31 00:00:00,13e1d901-0aab-e411-9578-6c3be5a8b8b0,LEED,SB,37,0,6508.11,SF,false
2017-01-12 00:00:00,9120e512-0a1c-e411-b762-6c3be5a8b8b0,LEED,SB,57,1,36750,SF,false
2013-02-28 00:00:00,ca7f9813-ac40-e211-8a15-78e3b51146cf,LEED,SB,40,0,2875,SF,false
2014-05-14 00:00:00,d323c6d1-fe25-e311-8b1c-78e3b51146cf,LEED,SB,24,0,38000,SF,false
2014-02-28 00:00:00,561e5e88-7f3d-e311-8b1c-78e3b51146cf,LEED,SB,37,0,27250,SF,false
2016-11-10 00:00:00,3e90e397-a611-e311-8c30-78e3b51146cf,LEED,SB,55,1,35560,SF,false
2012-09-01 00:00:00,5729ac5a-71ba-e111-b5df-78e3b511a685,LEED,SB,37,0,22818.34,SF,false
2013-11-12 00:00:00,8bb22527-7fba-e111-b5df-78e3b511a685,LEED,SB,24,1,40770,SF,false
2013-06-13 00:00:00,e2aed577-fdc9-e111-8af8-78e3b511b601,LEED,SB,24,1,21625,SF,false
2014-01-31 00:00:00,508bd530-fb35-e311-b7e1-78e3b511b601,LEED,SB,37,0,28500,SF,false
2016-11-13 00:00:00,0a704b79-90f9-e411-965d-a45d36fc0a08,LEED,SB,37,0,40274.09,SF,false
2016-08-13 00:00:00,aba2a70a-a14a-e511-80e3-c4346bac0260,LEED,SB,58,0,54400,SF,false
2016-07-31 00:00:00,fcbc3af9-6ada-e511-8104-c4346bac0260,LEED,SB,50,1,7725,SF,true
2016-09-30 00:00:00,f4180a53-7998-e511-80f1-c4346bac4b64,LEED,SB,24,1,24000,SF,false
2017-05-31 00:00:00,a9831b75-3bc9-e511-80f6-c4346bac4b64,LEED,SB,55,0,23140,SF,false
2018-01-31 00:00:00,174f2535-dcca-e511-80f9-c4346bacb92c,LEED,SB,55,1,34250,SF,false
2018-05-31 00:00:00,893c4485-4c46-e711-80ff-e0071b66cf61,LEED,SB,55,1,66500,SF,false
2018-07-01 00:00:00,a7ca7912-2f52-e711-8100-e0071b66cf61,LEED,SB,82,1,41850,SF,false
2019-05-14 00:00:00,fbcd7902-9dc8-e711-8113-e0071b6ad191,LEED,SB,82,1,46200,SF,false
2018-12-01 00:00:00,253ed0bb-78d4-e711-8115-e0071b6ad191,LEED,SB,82,0,28713.4,SF,false
2018-12-01 00:00:00,77f1c8fc-82d4-e711-8115-e0071b6ad191,LEED,SB,84,0,35560,SF,false
2018-12-03 00:00:00,cb6c0ed3-2a8f-e711-810f-e0071b715b91,LEED,SB,82,1,32050,SF,false
2019-02-23 00:00:00,16bb16ff-f318-e811-812f-e0071b7458a1,LEED,SB,82,1,50700,SF,false
2018-04-11 00:00:00,e81e94b7-2444-45a3-8c31-5db10b4f0769,GPR,SB,73,1,30400,SF,false
2018-12-31 00:00:00,09176ef7-767a-e411-957d-6c3be5a6aa7c,GPR,PM,37,1,2610,SF,false
2017-02-08 00:00:00,147921d5-3e93-e311-bf57-6c3be5a6aa7c,GPR,SB,60,1,20200,SF,false
2018-03-31 00:00:00,5074b5f2-f547-e411-a896-6c3be5a841e0,GPR,SB,73,1,21250,SF,false
2018-01-31 00:00:00,4f9ef46f-3348-e411-a896-6c3be5a841e0,GPR,SB,73,1,21250,SF,false
2014-12-01 00:00:00,9c213df4-bf95-e311-a9b6-6c3be5a8b8b0,GPR,SB,37,0,17104,SF,false
2016-05-27 00:00:00,eaf0f03b-0d1c-e411-b762-6c3be5a8b8b0,NZE,SB,37,1,24500,SF,false
2018-01-31 00:00:00,0d65dacb-eed9-e311-8efd-6c3be5a8ca30,GPR,SB,44,1,14454,SF,false
2018-01-31 00:00:00,2a622a9f-1fda-e311-8efd-6c3be5a8ca30,GPR,SB,73,1,18341,SF,false
2015-11-15 00:00:00,500867fc-78ba-e111-bad6-78e3b508f847,GPR,SB,50,1,13920,SF,false
2015-02-01 00:00:00,28ba396b-191e-e211-8b05-78e3b51146cf,Commissioning,SB,51,1,10586,SF,false
2018-07-09 00:00:00,965511e4-d982-e311-8b1b-78e3b51146cf,GPR,SB,73,1,33351,SF,false
2019-04-15 00:00:00,3e9640ef-7936-e311-8b1c-78e3b51146cf,GPR,SB,73,1,20750,SF,false
2016-02-29 00:00:00,900ccecb-917f-e211-8c15-78e3b511b601,GPR,SB,37,1,7305,SF,false
2014-11-28 00:00:00,df11cb1f-967f-e211-8c15-78e3b511b601,GPR,SB,37,0,11165,SF,false
2014-09-12 00:00:00,23943859-5416-e311-8cd4-78e3b511b601,GPR,SB,37,1,8500,SF,false
2018-05-14 00:00:00,28d0de22-1605-e311-8db5-78e3b511b601,GPR,SB,73,0,22595,SF,false
2014-12-30 00:00:00,67eb1b11-820e-e311-8db5-78e3b511b601,GPR,SB,37,0,18462.24,SF,false
2015-02-01 00:00:00,5ea4424b-880e-e311-8db5-78e3b511b601,GPR,SB,58,1,10000,SF,false
2016-12-23 00:00:00,5f947ff5-c0f3-e111-b721-78e3b511b601,GPR,SB,50,1,10825,SF,false
2016-07-01 00:00:00,0f3217e7-9502-e611-810d-c4346bac0260,GPR,SB,50,0,24090,SF,false
2020-01-31 00:00:00,4bc834d6-5746-e711-80ff-e0071b66cf61,GPR,SB,73,1,10025,SF,false
2020-08-08 00:00:00,ceba5800-d47b-e711-8103-e0071b66cf61,GPR,SB,73,1,33800,SF,false
2019-05-01 00:00:00,22ad2d41-e3c3-e711-8113-e0071b6ad191,GPR,SB,73,0,21200,SF,true
2019-06-12 00:00:00,443cca89-255a-e811-a94f-000d3a378ca2,LEED,SB,27,1,53237.43,SF,false
2019-03-01 00:00:00,4399e0bb-1875-e611-80ea-5065f38b4491,LEED,SB,89,0,47254,SF,false
2018-02-06 00:00:00,ee8de68f-fbef-e611-80f9-5065f38b4491,LEED,SB,55,1,30850,SF,false
2018-08-03 00:00:00,30912742-66ac-e611-80f1-5065f38b5171,LEED,SB,58,1,36660.5,SF,true
2018-04-12 00:00:00,320c266a-70c1-e611-80f6-5065f38b5171,LEED,SB,66,1,39850,SF,false
2016-04-15 00:00:00,9a9380cd-0801-e511-925d-6c3be5a6aa7c,LEED,SB,57,0,29125,SF,true
2018-12-31 00:00:00,2f671c0d-c2ed-e311-aa44-6c3be5a6aa7c,LEED,SB,55,1,34500,SF,true
2015-02-26 00:00:00,a3af0198-4e9f-e311-aca1-6c3be5a6aa7c,LEED,SB,58,0,22320,SF,false
2017-08-10 00:00:00,8299470e-2039-e411-b376-6c3be5a6aa7c,LEED,SB,43,1,36900,SF,false
2016-04-17 00:00:00,bdd9a97a-5556-e411-b300-6c3be5a841e0,LEED,SB,58,0,43500,SF,false
2016-03-22 00:00:00,110ff702-0c75-e411-bc06-6c3be5a841e0,LEED,SB,50,0,51000,SF,false
2016-04-27 00:00:00,3f111aef-0c5e-e411-8a09-6c3be5a8b8b0,LEED,SB,37,0,22750,SF,false
2015-10-30 00:00:00,ae2283ca-edc1-e411-8a8d-6c3be5a8b8b0,LEED,SB,24,0,59750,SF,false
2016-04-18 00:00:00,104c9a2f-73b8-e411-8d3b-6c3be5a8b8b0,LEED,SB,50,0,45500,SF,false
2016-07-05 00:00:00,83c26826-3395-e411-98dc-6c3be5a8b8b0,LEED,SB,58,0,29250,SF,false
2018-03-31 00:00:00,0eee5367-abea-e411-a607-6c3be5a8b8b0,LEED,SB,58,1,39500,SF,false
2017-03-17 00:00:00,ad443fd0-761e-e411-b762-6c3be5a8b8b0,LEED,SB,37,1,53632.5,SF,false
2016-09-08 00:00:00,ef5dfdd5-84d1-e311-8efd-6c3be5a8ca30,LEED,SB,58,0,37000,SF,false
2016-11-30 00:00:00,520867fc-78ba-e111-bad6-78e3b508f847,LEED,SB,57,1,41900,SF,false
2015-07-31 00:00:00,6a0867fc-78ba-e111-bad6-78e3b508f847,LEED,SB,37,1,30515,SF,false
2013-03-30 00:00:00,8e0867fc-78ba-e111-bad6-78e3b508f847,LEED,SB,40,1,14450,SF,false
2015-11-03 00:00:00,48b9c21d-59ac-e211-8abd-78e3b51146cf,LEED,SB,40,1,10825,SF,false
2015-03-10 00:00:00,3bffca76-8457-e311-8b1b-78e3b51146cf,LEED,SB,37,1,15580,SF,false
2014-10-25 00:00:00,a3bc049b-4738-e311-8b1c-78e3b51146cf,LEED,SB,24,1,21350,SF,false
2015-10-30 00:00:00,12207743-bc45-e311-8b1c-78e3b51146cf,LEED,SB,24,1,14210,SF,false
2016-12-26 00:00:00,628c69b4-8846-e311-8b1c-78e3b51146cf,LEED,PM,37,1,59000,SF,false
2015-09-21 00:00:00,97660696-8946-e311-8b1c-78e3b51146cf,LEED,SB,37,0,22000,SF,false
2016-02-24 00:00:00,790dc1cc-1ae0-e211-8b83-78e3b51146cf,LEED,SB,24,1,29300,SF,false
2015-11-24 00:00:00,f8d50215-ce82-e211-8bd7-78e3b51146cf,LEED,SB,58,1,17880,SF,false
2016-05-31 00:00:00,b5748db0-7088-e211-8bd7-78e3b51146cf,LEED,SB,37,1,21950,SF,false
2015-02-23 00:00:00,34856c54-846a-e211-8c09-78e3b51146cf,LEED,SB,58,1,20080,SF,false
2013-10-23 00:00:00,3f3f973d-dedf-e111-8c2b-78e3b51146cf,LEED,SB,40,1,21350,SF,false
2014-12-01 00:00:00,e186b091-d8e7-e111-8c2b-78e3b51146cf,LEED,SB,24,1,19500,SF,false
2013-03-26 00:00:00,4529ac5a-71ba-e111-b5df-78e3b511a685,LEED,SB,24,1,34400,SF,False
2013-04-17 00:00:00,4929ac5a-71ba-e111-b5df-78e3b511a685,LEED,SB,24,1,38852.52,SF,false
2015-06-24 00:00:00,69b22527-7fba-e111-b5df-78e3b511a685,LEED,SB,40,1,31492,SF,false
2012-08-01 00:00:00,c103659a-83ba-e111-b5df-78e3b511a685,LEED,SB,40,1,29540,SF,false
2016-12-31 00:00:00,d71d6eca-db8d-e311-8a37-78e3b511b601,LEED,SB,50,1,44624.55,SF,false
2014-02-20 00:00:00,4fffcfbf-905e-e211-8b98-78e3b511b601,LEED,SB,24,1,44540,SF,false
2013-08-22 00:00:00,99c425ec-86ba-e111-8be7-78e3b511b601,LEED,SB,37,1,11579,SF,false
2015-02-27 00:00:00,d0a9a6e9-907f-e211-8c15-78e3b511b601,LEED,SB,37,1,11365,SF,false
2018-01-31 00:00:00,09cd1962-8e8a-e211-8c2c-78e3b511b601,LEED,SB,24,0,165740,SF,false
2016-12-31 00:00:00,87f96577-83d7-e211-8cf1-78e3b511b601,LEED,SB,37,1,32740,SF,false
2014-12-31 00:00:00,f6ef40fa-880d-e211-b721-78e3b511b601,LEED,SB,58,1,38000,SF,false
2015-11-30 00:00:00,4e47b4b4-df1b-e311-b7e1-78e3b511b601,LEED,SB,24,0,30025,SF,false
2017-03-01 00:00:00,62144303-7b41-e311-b7e1-78e3b511b601,LEED,SB,58,1,24235,SF,false
2018-01-31 00:00:00,b2b62dae-cec9-e411-9d03-a45d36fc0a08,LEED,SB,24,1,37500,SF,false
2016-06-01 00:00:00,dc396e38-61a6-e411-b206-a45d36fc0a08,LEED,SB,58,0,24500,SF,false
2018-08-01 00:00:00,247b32c0-c95b-e511-80ec-c4346bac0260,LEED,SB,84,0,44780,SF,false
2018-07-31 00:00:00,deb6e21c-bf6b-e511-80ef-c4346bac0260,LEED,SB,58,0,103642.25,SF,true
2016-04-29 00:00:00,a7875fb8-3e1c-e511-80da-c4346bac4b64,LEED,SB,58,0,37860,SF,false
2018-01-31 00:00:00,5debe46d-b710-e611-8101-c4346bac4b64,LEED,SB,55,1,31780,SF,false
2017-02-28 00:00:00,5dd00b8c-0358-e511-80e8-c4346bacb92c,LEED,SB,37,0,86689.84,SF,false
2016-06-01 00:00:00,bafa3ea9-ee2b-e511-80dc-c4346bacdbe8,LEED,SB,50,0,65900,SF,true
2018-02-28 00:00:00,8b848ac8-d536-e511-80e2-c4346bacdbe8,LEED,SB,89,1,52516.83,SF,false
2018-09-01 00:00:00,1e2c5a2b-c0fe-e611-80f3-e0071b66cf61,LEED,SB,58,0,67213.75,SF,true
2019-05-15 00:00:00,69ce7095-d8fb-e711-8116-e0071b66cf61,LEED,SB,84,0,12595,SF,false
2018-10-01 00:00:00,327ea839-6c3f-e811-811d-e0071b66cf61,LEED,SB,37,0,16654,SF,false
2019-07-05 00:00:00,b202c2f6-9ed3-e711-8115-e0071b6ad191,LEED,SB,67,0,42685,SF,true
2018-05-01 00:00:00,60b30838-441e-e711-8102-e0071b715b91,LEED,SB,58,0,42100,SF,true
2018-02-28 00:00:00,1a2d4656-632c-e711-8105-e0071b715b91,LEED,SB,58,1,34000,SF,true
2019-01-14 00:00:00,0476966e-6b62-e711-811c-e0071b7458a1,LEED,SB,67,0,42841.5,SF,true
2019-07-01 00:00:00,69f606ee-d3e5-e711-812d-e0071b7458a1,LEED,SB,44,1,32436,DV,true
2019-06-17 00:00:00,d072b6dd-5e01-e811-812f-e0071b7458a1,LEED,SB,84,0,39000,SF,true
2016-12-10 00:00:00,eecc6ea4-8f0f-e511-80e3-fc15b4284a70,LEED,SB,58,0,47550,SF,true
