project_id,service_line,team,project_manager,overbudget_yes,budget,building_region,nda,total_hours,emp_count,month_duration
c0a1725b-89f9-e811-a966-000d3a37839b,Commissioning,SB,51,0,21400.0,SF,False,114.0,38.0,9.199367543481385
cffdaaf0-a896-e811-a957-000d3a378ca2,Commissioning,SB,51,0,31865.0,SF,False,162.75,108.0,8.64083451405573
b3ed8234-2775-e611-80ea-5065f38b4491,Commissioning,SB,51,0,36610.0,SF,False,84.5,60.0,10.743547095422905
e4344949-aee8-e611-80f9-5065f38b4491,Commissioning,SB,51,1,8170.0,SF,False,54.5,35.0,6.899525657611039
dda37c80-7e6e-e411-8b85-6c3be5a6aa7c,Commissioning,SB,51,0,20185.0,SF,False,148.0,94.0,27.400973325940985
4b21e1ad-003e-e411-953d-6c3be5a6aa7c,Commissioning,SB,51,1,7150.0,SF,True,48.0,17.0,2.529826074457381
26bb8822-c3ed-e311-aa44-6c3be5a6aa7c,Commissioning,SB,51,1,24080.0,SF,True,174.75,134.0,22.2756114088585
a1c11294-93b7-e411-ab49-6c3be5a6aa7c,Commissioning,SB,51,0,29131.0,SF,False,162.5,122.0,17.971621593872563
453996ed-3a9f-e311-aca1-6c3be5a6aa7c,Commissioning,SB,51,0,18491.0,SF,False,108.75,91.0,10.38214337050042
3376f7a9-ce9f-e311-aca1-6c3be5a6aa7c,Commissioning,SB,51,0,12750.0,SF,False,53.0,57.0,13.437647590299596
5b170ba0-16de-e411-89ab-6c3be5a841e0,Commissioning,SB,51,0,7247.5,SF,False,39.5,8.0,6.2095730918499354
0df05473-5cc0-e311-aa0f-6c3be5a841e0,Commissioning,SB,51,0,27965.0,SF,False,82.25,48.0,3.975440974147313
de283972-1a2e-e411-bfa0-6c3be5a841e0,Commissioning,SB,51,0,17137.0,SF,False,90.75,61.0,18.070186246124152
bca39ceb-5806-e511-8c93-6c3be5a8b8b0,Commissioning,SB,51,0,7815.0,SF,False,45.0,21.0,2.7269553789605534
0a2b65db-5de0-e311-9408-6c3be5a8b8b0,Commissioning,SB,51,0,31691.0,SF,False,169.25,109.0,11.663483849771042
3cebf519-f2b2-e411-9578-6c3be5a8b8b0,Commissioning,SB,51,0,15270.0,SF,False,85.5,53.0,14.357584344647734
5797fd5a-429c-e411-98dc-6c3be5a8b8b0,Commissioning,SB,51,1,110700.0,SF,False,700.5,325.0,58.51454855335839
a8567a1d-adea-e411-a607-6c3be5a8b8b0,Commissioning,SB,51,0,30980.0,SF,False,154.75,115.0,52.173555925173
146bb111-71a9-e311-a9f0-6c3be5a8b8b0,Commissioning,SB,51,0,21231.0,SF,False,136.25,82.0,26.25105238300581
407f2b96-98a0-e311-8be5-6c3be5a8ca30,Commissioning,SB,51,1,4793.0,SF,False,52.75,45.0,22.702724901948706
be02d34c-02c5-e311-bcb3-6c3be5a8ca30,Commissioning,SB,51,0,13161.0,SF,False,74.5,49.0,6.5709768167724185
96616d4a-cf82-e311-8b1b-78e3b51146cf,Commissioning,SB,51,0,19381.01,SF,True,147.5,109.0,17.971621593872563
268614b9-a533-e311-8b1c-78e3b51146cf,Commissioning,SB,51,0,15115.53,SF,False,108.5,78.0,5.946734019179039
575fb7cf-2538-e311-8b1c-78e3b51146cf,Commissioning,SB,51,1,1515.0,SF,False,14.75,13.0,27.66381239861188
14b27501-2e38-e311-8b1c-78e3b51146cf,Commissioning,SB,51,0,10231.0,SF,False,73.0,84.0,12.320581531448285
0fd7f119-8e45-e311-8b1c-78e3b51146cf,Commissioning,SB,51,0,10464.0,SF,False,71.0,65.0,8.509414977720281
74981ab7-4dc9-e211-8b9c-78e3b51146cf,Commissioning,SB,51,0,57120.0,SF,False,335.0,218.0,39.06445717571203
f480addd-cdd2-e211-8b9c-78e3b51146cf,Commissioning,SB,51,1,17231.0,SF,False,163.65,87.0,10.152159181913387
231663f6-6e95-e211-8bd7-78e3b51146cf,Commissioning,SB,51,0,69231.0,SF,False,323.75,189.0,36.60034086942237
705de36b-df09-e311-8c30-78e3b51146cf,Commissioning,SB,51,0,14783.0,SF,False,93.25,68.0,16.65742623051808
348fedfd-4fd5-e211-97d3-78e3b51146cf,Commissioning,SB,51,0,12046.0,SF,False,39.75,15.0,3.5811823651409678
d7134dd6-8e63-e311-8a37-78e3b511b601,Commissioning,SB,51,1,4875.0,SF,False,46.25,39.0,11.433499661184008
79118bdd-adc4-e211-8c54-78e3b511b601,Commissioning,SB,51,1,5678.0,SF,False,14.0,13.0,2.299841885870346
2376dedb-08d7-e211-8cf1-78e3b511b601,Commissioning,SB,51,0,5583.0,SF,False,1.5,2.0,0.689952565761104
893260d1-61a6-e411-b206-a45d36fc0a08,Commissioning,SB,51,0,16205.0,SF,False,59.5,45.0,17.28166902811146
b8ee4ee7-3ce5-e411-bc42-a45d36fc0a08,Commissioning,SB,51,0,24350.0,SF,False,133.25,88.0,26.481036571592846
a6c4ea55-1842-e511-80e5-c4346bacb92c,Commissioning,SB,51,1,11297.0,SF,False,90.0,59.0,5.683894946508142
3e66c50b-e157-e511-80e8-c4346bacb92c,Commissioning,SB,51,0,20630.0,SF,False,105.5,76.0,13.306228053964148
b00adda0-8ecf-e511-80f9-c4346bacb92c,Commissioning,SB,51,1,14885.0,SF,False,113.75,64.0,18.792993695969116
e74bc217-005b-e511-80eb-c4346bacdbe8,Commissioning,SB,51,0,19870.0,SF,False,122.0,88.0,43.49986652703341
e92901a6-289d-e511-80f8-c4346bacdbe8,Commissioning,SB,51,0,34260.0,SF,True,231.5,127.0,13.83190619930594
e6f8f856-bc86-e711-810a-e0071b6ad191,Commissioning,SB,51,0,10640.0,SF,False,55.0,34.0,3.942586090063451
0fb19751-b70f-e511-80e3-fc15b4284a70,Commissioning,SB,51,0,22250.0,SF,False,114.75,86.0,23.88550072896774
3f94e45b-cc99-e911-a977-000d3a37870e,Commissioning,SB,51,1,5000.0,SF,False,27.0,11.0,2.891229799379864
14429d0c-fe5a-e511-80eb-c4346bacdbe8,Commissioning,SB,51,0,42950.0,SF,False,233.03,143.0,50.66223125731535
8db027e9-b6ca-e811-a960-000d3a37870e,Energy Audit,SB,51,1,7470.0,SF,False,48.5,20.0,2.6612456107928293
39dec8fb-8c35-e911-a96a-000d3a37870e,Energy Audit,SB,51,0,6720.0,SF,False,38.5,15.0,1.3141953633544836
312c5d69-1b75-e611-80ea-5065f38b4491,Energy Audit,SB,51,1,21462.0,SF,False,132.75,55.0,5.749604714675866
11d6160e-0df8-e311-93d1-6c3be5a6aa7c,Energy Modeling,SB,51,0,25000.0,SF,False,2.0,1.0,5.65104006242428
33045533-8712-e411-964e-6c3be5a6aa7c,Energy Audit,SB,51,0,7529.0,SF,True,42.0,34.0,5.881024251011314
7ca328ad-8712-e411-964e-6c3be5a6aa7c,Energy Audit,SB,51,0,8414.0,SF,True,39.0,36.0,5.782459598759728
73d89f2d-8812-e411-964e-6c3be5a6aa7c,Energy Audit,SB,51,0,8414.0,SF,True,46.75,38.0,4.271134930902072
936e32e4-8812-e411-964e-6c3be5a6aa7c,Energy Audit,SB,51,1,8414.0,SF,True,53.0,42.0,7.655187991539868
53949a7a-37b9-e311-9fbb-6c3be5a6aa7c,Energy Audit,SB,51,0,17806.0,SF,False,85.75,40.0,3.6797470173925544
17106a4b-beb9-e311-9fbb-6c3be5a6aa7c,Energy Audit,SB,51,0,6200.0,SF,False,26.0,13.0,2.9897944516314503
3b3a442e-40cf-e311-a804-6c3be5a6aa7c,Energy Audit,SB,51,1,7941.0,SF,False,94.25,51.0,2.9569395675475882
538ce31d-cf9f-e311-aca1-6c3be5a6aa7c,Energy Modeling,SB,51,0,11025.0,SF,False,43.25,25.0,11.79490338610649
d1854473-b563-e411-ad1d-6c3be5a6aa7c,Energy Audit,SB,51,0,17785.91,SF,False,101.0,48.0,6.768106121275591
374bfbde-b663-e411-ad1d-6c3be5a6aa7c,Energy Audit,SB,51,0,14270.0,SF,False,66.0,36.0,5.848169366927452
665acb19-b863-e411-ad1d-6c3be5a6aa7c,Energy Audit,SB,51,0,14770.0,SF,False,61.0,39.0,6.800961005359453
1c020b02-d4b6-e311-aa0f-6c3be5a841e0,Energy Audit,SB,51,1,5982.0,SF,False,56.5,36.0,12.123452226945112
3dbbaf65-a9ba-e311-aa0f-6c3be5a841e0,Energy Audit,SB,51,0,16806.0,SF,False,99.75,44.0,3.4497628288055195
372e3eb5-5dc0-e311-aa0f-6c3be5a841e0,M&V,SB,51,0,24500.0,SF,False,128.5,68.0,3.8768763218957267
26ea27a1-99c5-e311-aa0f-6c3be5a841e0,Energy Audit,SB,51,1,14500.0,SF,False,97.0,54.0,8.673689398139592
9065e1aa-2bb9-e411-b157-6c3be5a841e0,Energy Audit,SB,51,0,7000.0,SF,False,38.25,19.0,3.4826177128893816
e438e9b0-52ca-e311-b46e-6c3be5a841e0,Energy Audit,SB,51,1,6360.0,SF,False,48.5,21.0,2.9897944516314503
d4909d63-80f6-e311-b50b-6c3be5a841e0,Energy Audit,SB,51,0,10000.0,SF,False,65.0,36.0,10.119304297829524
1b7a0610-1c2e-e411-bfa0-6c3be5a841e0,M&V,SB,51,1,5250.0,SF,False,35.0,24.0,11.992032690609664
123bbf1a-750c-e411-b2a1-6c3be5a8b8b0,Energy Audit,SB,51,1,1860.0,SF,False,12.5,8.0,3.0226493357153124
18afbb77-9a0e-e411-b2a1-6c3be5a8b8b0,Energy Audit,SB,51,0,9525.0,SF,False,55.75,29.0,1.117066058851311
f3d62387-2511-e411-b2a1-6c3be5a8b8b0,Energy Audit,SB,51,0,7845.0,SF,False,38.0,20.0,4.271134930902072
afe9da05-2611-e411-b2a1-6c3be5a8b8b0,Energy Audit,SB,51,0,11100.0,SF,False,62.5,38.0,5.946734019179039
17c141bc-2611-e411-b2a1-6c3be5a8b8b0,Energy Audit,SB,51,0,5790.0,SF,False,32.5,14.0,1.5770344360253803
5d693648-2711-e411-b2a1-6c3be5a8b8b0,Energy Audit,SB,51,0,2180.0,SF,False,14.0,8.0,3.1540688720507606
8ac947dd-2711-e411-b2a1-6c3be5a8b8b0,Energy Audit,SB,51,0,8000.0,SF,False,53.0,23.0,1.3470502474383457
03990841-e418-e411-b762-6c3be5a8b8b0,Compliance,SB,51,0,8550.0,SF,False,63.5,40.0,8.739399166307317
776c5aca-cb48-e411-b78e-6c3be5a8b8b0,Compliance,SB,51,1,2450.0,SF,False,19.75,16.0,1.9384381609478634
94958180-67b4-e311-accf-6c3be5a8ca30,Energy Modeling,SB,51,0,1305.0,SF,False,9.0,4.0,0.03285488408386209
53228cbd-1156-e311-8b1b-78e3b51146cf,Energy Audit,SB,51,0,7500.0,SF,False,39.0,18.0,1.2484855951867595
73d0a38b-1356-e311-8b1b-78e3b51146cf,Energy Audit,SB,51,0,2900.0,SF,False,18.75,11.0,1.1827758270190354
f36bc1cf-5c90-e311-8b1b-78e3b51146cf,Energy Audit,SB,51,0,16730.0,SF,False,72.0,33.0,4.566828887656831
9f72ad60-c74b-e311-8b1c-78e3b51146cf,Energy Modeling,SB,51,0,2325.0,SF,False,10.0,5.0,1.2484855951867595
3c531c9c-27e4-e211-8b83-78e3b51146cf,Energy Modeling,SB,51,0,18824.0,SF,False,122.0,52.0,25.692519353580156
a2ea8b75-3b90-e211-8bd7-78e3b51146cf,Energy Audit,SB,51,1,10250.0,SF,False,80.5,32.0,1.6427442041931046
de7c0ff5-6f95-e211-8bd7-78e3b51146cf,M&V,SB,51,1,16275.0,SF,False,127.5,55.0,35.81182365140968
fd43f383-3f0c-e311-8c30-78e3b51146cf,Energy Audit,SB,51,1,8500.0,SF,False,62.0,22.0,3.5483274810571057
279003f2-1d9b-e211-898f-78e3b511b601,Energy Audit,SB,51,0,3701.0,SF,False,25.25,9.0,0.7885172180126901
101d3409-efa6-e211-8a96-78e3b511b601,Compliance,SB,51,0,1750.0,SF,False,7.0,4.0,0.7556623339288281
e98f9846-f1b1-e211-8a96-78e3b511b601,Energy Modeling,SB,51,1,14180.0,SF,False,131.75,54.0,21.914207683936016
08e592fa-9cf9-e411-965d-a45d36fc0a08,Compliance,SB,51,0,2000.0,SF,False,10.0,11.0,4.665393539908417
bced2583-5160-e411-bb5d-a45d36fc0a08,Compliance,SB,51,1,2750.0,SF,False,20.83,22.0,4.468264235405244
7a07837b-b8ed-476d-82fd-adf7a0a081fb,Energy Audit,SB,51,0,3764.0,SF,True,9.75,7.0,2.0370028131994498
2761d65f-9372-e511-80f0-c4346bac0260,Energy Audit,SB,51,0,2140.0,SF,False,11.5,5.0,3.8768763218957267
30843e1d-e615-e511-80db-c4346bacb92c,Energy Audit,SB,51,0,19120.0,SF,False,80.0,19.0,6.045298671430625
c533cf0f-0a2c-e511-80dc-c4346bacdbe8,Energy Audit,SB,51,1,13243.0,SF,True,134.75,45.0,7.523768455204419
749f7a39-179d-e511-80f8-c4346bacdbe8,Energy Audit,SB,51,1,16330.0,SF,True,190.0,73.0,7.523768455204419
ed88993b-199d-e511-80f8-c4346bacdbe8,Energy Audit,SB,51,1,16330.0,SF,True,137.1,49.0,9.396496847984558
ec9e5d27-c5fd-e611-80f3-e0071b66cf61,M&V,SB,51,0,4130.0,SF,False,22.5,9.0,1.2156307111028974
fd1a2829-fbd5-e711-8115-e0071b6ad191,Compliance,SB,51,0,1750.0,SF,False,9.5,5.0,1.8727283927801393
be7f0e4d-350f-ea11-a811-000d3a36880e,Strategic Planning,SB,37,1,10000.0,SF,False,103.0,39.0,6.800961005359453
c7184932-0594-ea11-a811-000d3a36886f,GPR,SB,37,1,0.0,SF,False,50.0,11.0,6.538121932688556
2c515bb5-08b7-e811-a95c-000d3a3780dd,Materials,SB,24,1,96200.0,SF,True,543.75,240.0,13.601922010718907
9dfeac17-24ba-e811-a95c-000d3a3780dd,WELL,SB,55,1,57500.5,SF,False,381.25,230.0,24.70687283106429
8329d38b-2a73-e811-a956-000d3a37839b,Materials,SB,24,1,15000.0,SF,True,138.0,49.0,18.168750898375738
44100556-2b70-e911-a977-000d3a37839b,Strategic Planning,SB,55,1,6450.0,SF,False,37.0,21.0,8.542269861804144
2502c9c7-f833-e911-a96a-000d3a37870e,Strategic Planning,SB,24,1,47500.0,SF,False,274.25,137.0,12.649130372286905
69fd1f01-63cd-e611-80fa-5065f38afa01,Energy Modeling,SB,46,1,5500.0,SF,False,39.25,22.0,4.599683771740692
aad56b7b-d4aa-e611-80f0-5065f38be0e1,Materials,SB,88,1,5000.0,SF,False,33.0,48.0,14.456148996899321
c785b2d4-bbd9-e511-8104-c4346bac0260,LBC,SB,88,1,2000.0,SF,False,39.75,22.0,23.524097004045256
421829f6-6016-e711-80f8-e0071b66cf61,GPR,SB,73,1,0.0,SF,False,1.0,1.0,46.1939670219101
fa1adbde-f30f-e811-8116-e0071b66cf61,LBC,SB,24,1,493705.0,SF,True,4197.57,1464.0,30.29220312532085
3b29f5f9-5143-e811-8120-e0071b6ad191,WELL,SB,44,1,32400.0,DV,True,253.0,205.0,26.678165876096017
9736b3bd-4f21-e711-8112-e0071b7458a1,Energy Modeling,SB,46,1,6500.0,SF,False,36.5,11.0,2.562680958541243
babd3084-4c8e-ea11-a811-000d3a36880e,Strategic Planning,SB,44,1,8950.0,DV,False,62.5,42.0,1.8070186246124151
ee241558-c731-ea11-a810-000d3a36880e,Materials,SB,84,1,760.0,SF,False,4.25,3.0,0.7556623339288281
ff67c709-1601-ea11-a811-000d3a36880e,Strategic Planning,SB,89,1,5780.0,SF,False,65.5,34.0,3.4169079447216575
0e7e84d0-4c1f-e911-a96b-000d3a3780dd,Strategic Planning,SB,58,1,143045.0,SF,True,947.25,600.0,11.926322922441939
5584b57e-3a65-e911-a975-000d3a37839b,Strategic Planning,SB,24,1,20000.0,SF,False,113.75,59.0,2.266987001786484
dedb115b-b166-e911-a975-000d3a37839b,Energy Modeling,SB,72,0,14500.0,SF,False,40.0,6.0,1.7413088564446908
6130a149-ae71-e911-a977-000d3a37839b,Materials,SB,82,1,13660.0,SF,True,82.5,61.0,26.875295180599192
3a128f06-5840-e911-a96d-000d3a37870e,Energy Modeling,SB,72,1,11900.0,DV,False,76.25,20.0,2.7269553789605534
29020e5d-1c9c-e911-a977-000d3a37870e,Materials,SB,84,1,5740.0,SF,True,31.75,16.0,2.20127723361876
c5e5f366-6660-e911-a96d-000d3a378ca2,Commissioning,SB,72,0,3400.0,SF,False,16.0,8.0,2.431261422205795
5526e145-8d4b-e911-a970-000d3a378dd3,Strategic Planning,SB,44,1,15000.0,SF,False,182.25,102.0,4.796813076243866
a8da3689-b650-e911-a970-000d3a378dd3,Strategic Planning,SB,89,0,50710.0,SF,False,218.75,174.0,9.593626152487731
3ca56cf6-a5b7-e911-a97e-000d3a378f36,NZE,SB,72,1,20000.0,SF,False,112.0,36.0,4.3696995831536585
6617d067-92b9-e911-a97e-000d3a378f36,Education,SB,27,1,4000.0,SF,False,24.0,8.0,1.5441795519415182
04be1f5b-e2bd-e911-a97f-000d3a378f36,Materials,SB,82,1,33250.0,SF,True,232.0,138.0,39.88582927780858
a17ef88d-35be-e911-a97f-000d3a378f36,Strategic Planning,SB,44,1,1000.0,DV,False,8.0,7.0,0.49282326125793136
4e23ead8-7fa5-e811-a95a-000d3a37839b,Energy Audit,SB,72,1,19180.0,SF,False,125.0,48.0,3.252633524302347
c26fd279-245d-e811-a94f-000d3a37870e,Energy Audit,SB,46,1,9700.0,SF,False,72.25,21.0,2.9897944516314503
6fd7db16-8714-e911-a966-000d3a37870e,PM TI,SB,58,0,45000.0,SF,False,217.75,136.0,11.827758270190353
4466d16a-8814-e911-a966-000d3a37870e,Strategic Planning,SB,44,1,21220.0,SF,False,146.5,80.0,13.930470851557526
8a6d1894-8c14-e911-a966-000d3a37870e,Compliance,SB,81,0,3000.0,SF,False,17.0,10.0,0.722807449844966
631a70d1-699a-e811-a95b-000d3a378ca2,Strategic Planning,SB,55,1,82000.0,SF,False,481.0,219.0,14.357584344647734
b18a9cb3-0f6e-e611-80ed-5065f38afa01,Education,SB,66,0,6600.0,SF,False,35.5,13.0,17.248814144027598
61e392da-0a85-e611-80ed-5065f38b4491,Energy Audit,SB,55,1,36410.0,DV,True,541.0,156.0,3.4826177128893816
501efa0d-af89-e611-80ed-5065f38b4491,Strategic Planning,SB,24,0,16648.75,SF,True,109.75,43.0,6.43955728043697
c09294db-fbef-e611-80f9-5065f38b4491,Commissioning,SB,81,1,52805.0,SF,False,356.5,178.0,11.893468038358078
549019d9-9970-e611-80ea-5065f38b5171,Materials,SB,88,0,400.0,SF,False,,,
e9c6a134-35b7-e611-80f4-5065f38b5171,Energy Modeling,SB,46,1,10740.0,SF,False,101.5,25.0,12.353436415532146
de21b9e1-4ebe-e611-80f5-5065f38b5171,Strategic Planning,SB,40,0,40450.0,SF,False,241.5,115.0,11.597774081603319
8dfc3fee-93de-e611-80f7-5065f38be0e1,Strategic Planning,SB,44,0,1312.5,SF,False,10.5,7.0,3.3183432924700713
8da33e56-6508-e411-93d1-6c3be5a6aa7c,Compliance,SB,24,1,1750.0,SF,False,15.0,8.0,13.1748085176287
4f985293-1918-e411-98c5-6c3be5a6aa7c,M&V,SB,45,1,25805.0,SF,False,219.5,134.0,58.18599971251977
7bd95487-1bde-e411-89ab-6c3be5a841e0,Energy Modeling,SB,46,1,24390.0,SF,False,219.5,62.0,22.866999322368017
a4194e51-58c0-e311-aa0f-6c3be5a841e0,Energy Modeling,SB,40,1,4834.0,SF,False,31.5,18.0,3.8111665537280026
fe19d451-252e-e411-bfa0-6c3be5a841e0,GPR,SB,37,0,11150.0,SF,False,10.0,15.0,12.386291299616008
5ea89421-9234-e411-b4d5-6c3be5a8b8b0,Commissioning,SB,45,1,33000.0,SF,False,237.0,169.0,32.723464547526646
ac7d02f0-7929-e411-b762-6c3be5a8b8b0,Energy Modeling,SB,24,0,29300.0,SF,True,40.5,28.0,15.343230867163596
12230f24-3730-e311-8b1c-78e3b51146cf,HPPM,SB,40,0,2450.0,SF,False,19.3,10.0,0.7556623339288281
cd986da5-77b7-e211-8bc6-78e3b51146cf,Energy Modeling,SB,24,0,55840.0,SF,False,87.5,35.0,20.041479291155877
d9388230-947f-e211-8c15-78e3b511b601,Compliance,SB,37,0,5000.0,SF,False,25.5,7.0,0.22998418858703465
4f103a1c-baf3-e111-b721-78e3b511b601,GPR,SB,40,1,7500.0,SF,False,79.25,54.0,77.04470317665661
95fe5b96-bbf3-e111-b721-78e3b511b601,GPR,SB,40,1,26335.0,SF,False,197.0,100.0,21.881352799852152
42193a1f-57b6-e511-80f4-c4346bac4b64,HPPM,SB,54,1,68320.0,SF,False,516.75,173.0,4.172570278650485
2034687c-740e-e611-8103-c4346bacb92c,Strategic Planning,SB,40,1,82500.0,SF,True,828.88,248.0,6.308137744101521
70e66a76-e1fe-e611-80f3-e0071b66cf61,Commissioning,SB,81,0,6500.0,SF,False,23.5,12.0,17.314523912195323
010b05d9-9603-e711-80f4-e0071b66cf61,Education,SB,24,1,5000.0,SF,False,81.0,25.0,2.102712581367174
024fb092-2e52-e711-8100-e0071b66cf61,Strategic Planning,SB,37,1,5500.0,SF,False,42.0,10.0,1.084211174767449
ef8dbdb0-fce0-e711-8113-e0071b66cf61,Commissioning,SB,81,0,18825.0,SF,False,99.5,56.0,5.486765642004969
b5dc7ecb-953e-e811-811d-e0071b66cf61,Commissioning,SB,72,1,13900.0,SF,False,96.5,45.0,16.723135998685805
ff20d98d-8f4c-e811-8122-e0071b66cf61,GPR,SB,73,1,1850.0,SF,False,14.0,3.0,0.06570976816772418
6121080c-5b1a-e711-80fe-e0071b6ad191,Materials,SB,55,1,9500.0,SF,False,142.75,49.0,9.856465225158628
8ae24a60-f237-e711-8102-e0071b6ad191,Compliance,SB,24,1,3500.0,SF,False,26.75,17.0,9.42935173206842
4f0806f5-0d38-e711-8102-e0071b6ad191,Compliance,SB,50,0,2000.0,SF,False,9.5,7.0,3.7126019014764164
01374307-927c-e711-8109-e0071b6ad191,Strategic Planning,SB,89,1,102150.0,SF,True,748.0,376.0,12.911969444957801
be4c2d61-0a47-e711-8109-e0071b715b91,Strategic Planning,SB,44,1,8000.0,SF,False,49.0,20.0,2.431261422205795
003aae49-0f97-e711-8122-e0071b7458a1,Education,SB,46,1,9350.0,SF,False,83.5,22.0,6.998090309862626
17a3f155-5e6f-e811-a953-000d3a37870e,Strategic Planning,SB,89,0,298512.0,SF,False,929.1499999999999,523.0,19.187252304975463
b349674e-1cde-e411-89ab-6c3be5a841e0,LCCA,SB,46,0,5000.0,SF,False,37.0,16.0,1.2813404792706216
74ceecb1-4ffd-e711-8116-e0071b66cf61,Strategic Planning,SB,89,1,7990.0,SF,False,53.0,19.0,14.686133185486355
9aeb1d6b-fb25-e711-80ff-e0071b6ad191,HPPM,SB,37,0,38845.63,SF,False,194.75,73.0,38.210230189531615
b247e73c-e702-e811-812f-e0071b7458a1,LCCA,SB,37,0,15850.5,SF,False,73.38,18.0,23.72122630854843
a5ab694f-09b7-e811-a95c-000d3a3780dd,Materials,SB,82,1,12000.0,SF,True,83.5,52.0,7.4580586870366945
e845492e-0ab7-e811-a95c-000d3a3780dd,Materials,SB,82,1,10000.0,SF,True,65.5,38.0,6.833815889443315
bbdf58ca-ccc1-e811-a95c-000d3a3780dd,Commissioning,SB,81,0,20900.0,SF,False,98.25,59.0,6.932380541694902
def61ce0-2073-e811-a956-000d3a37839b,Materials,SB,67,0,720.0,SF,False,4.0,1.0,0.03285488408386209
c6fd979a-2c73-e811-a956-000d3a37839b,HPPM,SB,44,0,39275.0,DV,False,133.0,83.0,17.57736298486622
c1e7f008-ca8e-e811-a958-000d3a37839b,Commissioning,SB,81,0,19490.0,SF,False,85.75,61.0,16.263167621511734
e0b643a2-6ca5-e811-a95a-000d3a37839b,Energy Modeling,SB,72,0,17383.0,SF,True,65.25,16.0,2.6941004948766913
297d326c-cc5a-e811-a94f-000d3a378ca2,Energy Modeling,SB,72,0,39187.0,SF,False,191.25,50.0,20.468592784246084
a59509f7-cc5a-e811-a94f-000d3a378ca2,Energy Modeling,SB,72,0,26451.0,SF,False,131.0,27.0,19.022977884556152
476b2e56-cd5a-e811-a94f-000d3a378ca2,Energy Modeling,SB,72,0,26451.0,SF,True,135.0,31.0,17.675927637117805
b1220e5e-e25a-e811-a94f-000d3a378ca2,Strategic Planning,SB,58,1,3420.0,SF,False,18.0,10.0,1.7084539723608287
e828984e-7e76-e811-a955-000d3a378ca2,Commissioning,SB,45,0,10320.0,SF,False,50.0,26.0,5.716749830592004
b8ac02ac-dcd6-e811-a95e-000d3a378ca2,Materials,SB,58,0,4300.0,SF,True,5.0,5.0,3.8768763218957267
2e8011cb-1068-e811-a954-000d3a378dd3,Energy Audit,SB,72,1,7100.0,SF,False,77.25,29.0,2.3326967699542087
bca99f30-e802-e911-a964-000d3a378dd3,LCCA,SB,24,0,7220.0,SF,False,29.5,13.0,0.7885172180126901
132ecbf0-d679-e611-80ed-5065f38afa01,Energy Audit,SB,66,0,3700.0,SF,False,14.0,5.0,4.271134930902072
87a1589b-da81-e611-80ef-5065f38afa01,Materials,SB,24,0,10935.0,SF,False,66.25,70.0,11.13780570442925
fbfed513-10c3-e611-80f9-5065f38afa01,Commissioning,SB,81,0,28810.0,SF,False,143.25,59.0,21.68422349534898
e39e0744-67ee-e611-80fc-5065f38afa01,Energy Modeling,SB,24,0,8135.0,SF,False,22.0,9.0,6.702396353107867
808df370-775a-e611-80e7-5065f38b4491,Strategic Planning,SB,58,1,188017.08,SF,True,1250.25,605.0,14.521858765067044
d5dc74d7-3c5b-e611-80e7-5065f38b4491,Energy Modeling,SB,46,0,13510.0,SF,False,26.0,8.0,12.747695024538492
f817d18a-a36f-e611-80ea-5065f38b4491,LBC,SB,66,0,6600.0,SF,False,40.0,29.0,12.71484014045463
d12dc9a9-7474-e611-80ea-5065f38b4491,Strategic Planning,SB,89,1,78080.0,SF,False,607.25,246.0,4.566828887656831
30f48108-ae89-e611-80ed-5065f38b4491,Strategic Planning,SB,24,0,64722.5,SF,True,452.5,132.0,5.782459598759728
4b142f75-ae89-e611-80ed-5065f38b4491,Strategic Planning,SB,24,1,30205.0,SF,True,222.33,74.0,19.384381609478634
db930cca-e4b7-e611-80f4-5065f38b4491,Energy Audit,SB,53,1,16455.0,SF,False,138.0,36.0,5.81531448284359
882bd67d-ecd9-e611-80f7-5065f38b4491,Materials,SB,24,0,6641.25,SF,False,40.25,34.0,2.135567465451036
7a94f5b9-0a4a-e611-80e5-5065f38b5171,Energy Audit,SB,53,1,14700.0,SF,False,147.25,61.0,5.19107168525021
d4a7f586-0f4a-e611-80e5-5065f38b5171,Energy Audit,SB,53,1,16310.0,SF,False,162.0,65.0,6.012443787346763
083455e2-32b7-e611-80f4-5065f38b5171,Energy Modeling,SB,55,1,7993.6,SF,False,49.0,17.0,3.1540688720507606
4fa9cbcc-67be-e611-80f5-5065f38b5171,GPR,SB,50,1,2500.0,SF,False,21.0,10.0,1.117066058851311
904bdcec-70c1-e611-80f6-5065f38b5171,Commissioning,SB,81,0,16520.0,SF,False,96.25,56.0,13.404792706215733
f5d63b2c-d659-e611-80e6-5065f38be0e1,Energy Modeling,SB,46,1,4950.0,SF,False,31.25,13.0,19.252962073143184
838b1bb7-6192-e611-80ec-5065f38be0e1,Compliance,SB,50,0,3750.0,SF,False,20.5,13.0,1.149920942935173
6976ae09-a8ab-e611-80f0-5065f38be0e1,Materials,SB,24,1,14418.75,SF,True,92.5,89.0,8.01659171646235
a96b05eb-94b7-e411-ab49-6c3be5a6aa7c,Energy Modeling,SB,58,1,310.0,SF,False,2.0,1.0,13.339082938048008
071e948d-259f-e311-aca1-6c3be5a6aa7c,Education,SB,24,0,6500.0,SF,False,18.5,6.0,4.172570278650485
d3eddaba-4b56-e411-b300-6c3be5a841e0,Strategic Planning,SB,70,0,186445.0,SF,True,752.5,250.0,16.85455553502125
b5a557df-57ce-e411-8a8d-6c3be5a8b8b0,Strategic Planning,SB,24,1,192035.0,SF,True,1290.0,505.0,21.19140023409105
2a611873-159f-e311-a9f0-6c3be5a8b8b0,Energy Modeling,SB,24,0,50000.0,SF,False,63.0,31.0,17.347378796279184
c4639c9c-dfb1-e211-8abd-78e3b51146cf,M&V,SB,24,1,5825.0,SF,False,47.73,20.0,6.176718207766073
11cae027-3a56-e311-8b1b-78e3b51146cf,GPR,SB,37,1,315.0,SF,False,8.0,4.0,28.978007761966364
17bf0989-8036-e311-8b1c-78e3b51146cf,Energy Audit,SB,37,1,7500.0,SF,False,70.0,35.0,2.6941004948766913
86c043c1-ab11-e311-8c30-78e3b51146cf,Energy Modeling,SB,40,0,13110.0,SF,False,1.5,2.0,7.359494034785109
79962419-f75d-e311-8a37-78e3b511b601,Compliance,SB,24,1,1200.0,SF,False,13.75,8.0,1.379905131522208
2033277a-33f3-e211-8c1d-78e3b511b601,Education,SB,24,1,1260.0,SF,False,6.84,7.0,3.975440974147313
1bdfc843-aef8-e211-8c1d-78e3b511b601,GPR,SB,37,1,3500.0,SF,False,27.5,9.0,0.5256781453417935
a009f09a-8e8d-e211-8c2c-78e3b511b601,GPR,SB,40,0,4000.0,SF,False,16.5,12.0,33.9719501427134
27f2a393-830e-e311-8db5-78e3b511b601,GPR,SB,37,0,1747.3,SF,False,12.5,11.0,1.379905131522208
1fb855e2-2e2a-e311-b7e1-78e3b511b601,Energy Audit,SB,37,1,47000.0,SF,False,354.25,122.0,3.8111665537280026
0902cf53-4885-e411-9650-a45d36fc0a08,Energy Modeling,SB,24,0,25020.0,SF,False,11.5,8.0,2.398406538121933
6de1d00d-29e5-e411-bc42-a45d36fc0a08,Strategic Planning,SB,24,1,12475.0,SF,True,122.0,51.0,16.131748085176287
442d2635-a137-e511-80e3-c4346bac0260,Compliance,SB,24,0,2750.0,SF,False,15.75,12.0,21.092835581839463
0034f66b-b497-e511-80f8-c4346bac0260,Energy Audit,SB,53,0,5510.0,SF,False,37.25,19.0,25.166841208238363
d0ec11e2-4a45-e611-8117-c4346bac0260,Materials,SB,88,0,3935.0,SF,False,15.25,11.0,4.632538655824555
3f9aa2b6-5826-e511-80da-c4346bac4b64,Strategic Planning,SB,24,1,13930.0,SF,True,305.25,109.0,20.665722088749256
8600aca6-98e5-e511-80fd-c4346bac4b64,Strategic Planning,SB,50,0,3050.0,SF,False,20.5,14.0,4.829667960327727
85c6d911-1c16-e611-8102-c4346bac4b64,Commissioning,SB,81,0,36510.0,SF,False,222.25,109.0,33.61054641779092
5c71da2e-c47d-e511-80ef-c4346bacb92c,Compliance,SB,50,0,1750.0,SF,False,8.75,5.0,1.6755990882769667
53d5a150-8bb9-e511-80f7-c4346bacb92c,Strategic Planning,SB,58,0,203440.0,SF,True,1184.5,451.0,6.636686584940143
ebe7e0c6-d500-e611-8101-c4346bacb92c,Compliance,SB,50,1,1500.0,SF,False,10.0,9.0,1.2813404792706216
3359f675-cc88-e511-80f3-c4346bacdbe8,Energy Audit,SB,53,0,5900.0,SF,False,37.0,14.0,25.62680958541243
8b32eb46-cf88-e511-80f3-c4346bacdbe8,Energy Audit,SB,53,1,14966.0,SF,False,112.5,44.0,5.322491221585659
b601c27d-f4c5-e511-80fe-c4346bacdbe8,Strategic Planning,SB,89,1,10000.0,SF,False,193.5,88.0,4.665393539908417
b56e1877-4919-e611-810c-c4346bacdbe8,Compliance,SB,50,0,2250.0,SF,False,12.75,9.0,6.43955728043697
5f35bdbb-3a1d-e611-810c-c4346bacdbe8,Compliance,SB,50,0,4350.0,SF,False,26.75,17.0,1.9055832768640013
30832a45-920d-e711-80f5-e0071b66cf61,Strategic Planning,SB,44,0,7000.0,DV,False,56.0,30.0,4.632538655824555
e00df08a-7016-e711-80f8-e0071b66cf61,Commissioning,SB,81,0,8330.0,SF,False,38.0,25.0,11.893468038358078
79adb113-7116-e711-80f8-e0071b66cf61,Compliance,SB,89,0,4861.4,SF,False,27.5,21.0,16.098893201092427
cf731e68-1247-e711-80ff-e0071b66cf61,Commissioning,SB,81,0,15370.0,SF,False,90.75,49.0,6.800961005359453
cdcc3571-7262-e711-8101-e0071b66cf61,Commissioning,SB,81,1,15400.0,SF,False,97.0,53.0,18.990123000472288
577cb707-2905-e811-8116-e0071b66cf61,WELL,SB,55,1,6125.0,SF,True,39.75,19.0,3.1540688720507606
31b35d16-c923-e811-8119-e0071b66cf61,NZE,SB,40,1,3000.0,SF,False,15.5,5.0,0.7885172180126901
18f2c602-cf36-e811-811c-e0071b66cf61,Strategic Planning,SB,58,0,90210.0,SF,True,569.9,393.0,9.88932010924249
d8f6949e-3a38-e811-811c-e0071b66cf61,WELL,SB,44,1,10800.0,DV,False,119.25,50.0,4.336844699069796
cb9ee499-a882-e711-8109-e0071b6ad191,Strategic Planning,SB,58,0,55420.5,SF,True,353.1,194.0,6.899525657611039
97a8f71c-0aaa-e711-810d-e0071b6ad191,HPPM,SB,40,1,260000.0,SF,False,2364.0,522.0,20.698576972833116
c1e44aae-dec3-e711-8113-e0071b6ad191,Energy Modeling,SB,72,0,21700.0,SF,False,89.0,25.0,16.82170065093739
44f1ce9e-83d4-e711-8115-e0071b6ad191,Commissioning,SB,81,0,23440.0,SF,False,20.5,10.0,6.012443787346763
efd8f16f-0bda-e711-8116-e0071b6ad191,Strategic Planning,SB,44,0,7500.0,SF,False,41.5,23.0,1.41276001560607
a4528ee5-9df7-e611-80fb-e0071b715b91,Energy Modeling,SB,72,0,21950.0,SF,False,113.5,29.0,31.146430111501264
5f35c15c-d81b-e711-8102-e0071b715b91,Commissioning,SB,81,0,26460.0,SF,False,145.0,82.0,15.967473664756977
2d1873b6-463f-e711-8108-e0071b715b91,Energy Modeling,SB,46,1,8470.0,SF,False,51.0,12.0,6.800961005359453
e71c4eb7-907c-e711-810d-e0071b715b91,GPR,SB,57,1,2640.0,SF,False,16.25,7.0,0.3285488408386209
332fbb03-3c7d-e711-810d-e0071b715b91,Commissioning,SB,81,0,15100.0,SF,False,89.5,50.0,10.67783732725518
dde65ca4-53dc-e711-811a-e0071b715b91,Energy Modeling,SB,37,0,25000.0,SF,False,,,
9e101340-5721-e711-8112-e0071b7458a1,Compliance,SB,50,0,4350.0,SF,False,21.5,11.0,1.8398735086962772
39df9e25-78e6-e711-812e-e0071b7458a1,Strategic Planning,SB,89,0,22910.0,SF,False,128.25,112.0,9.1008028912298
da113646-88e6-e711-812e-e0071b7458a1,Energy Audit,SB,89,1,10550.0,SF,False,88.5,44.0,2.496971190373519
bc5e53d9-fc01-e811-812f-e0071b7458a1,Commissioning,SB,81,0,21950.0,SF,False,100.5,52.0,5.486765642004969
35eee842-fd01-e811-812f-e0071b7458a1,Commissioning,SB,81,0,5010.0,SF,False,25.25,17.0,11.46635454526787
65c6cb2f-e022-ea11-a810-000d3a36880e,LEED,SB,71,1,17500.0,SF,True,107.5,76.0,6.242427975933797
7eb45dfc-1459-ea11-a811-000d3a36886f,LEED,SB,82,1,7000.0,SF,False,74.0,36.0,2.102712581367174
1ee9cd56-d147-ea11-a812-000d3a368be7,LEED,SB,37,1,10000.0,SF,False,60.0,15.0,18.2016057824596
f8b4ad3b-23ba-e811-a95c-000d3a3780dd,LEED,SB,55,1,60500.0,SF,False,422.5,289.0,24.082630033470913
bf06579a-4cbc-e811-a95c-000d3a3780dd,LEED,SB,84,0,18080.0,SF,False,101.25,71.0,10.38214337050042
216eecfe-22ed-e811-a965-000d3a37839b,LEED,SB,24,1,18000.0,SF,False,105.25,43.0,3.186923756134623
46e490f0-aa6d-e811-a953-000d3a37870e,LEED,SB,27,1,3500.0,SF,False,45.9,35.0,1.4784697837737941
a99f11cb-e3cc-e811-a960-000d3a37870e,LEED,SB,24,0,6450.0,SF,False,33.5,14.0,2.792665147128278
d778ac11-89d8-e911-a98b-000d3a378dd3,LEED,SB,89,1,12469.2,SF,True,72.75,39.0,4.928232612579314
8e083694-c1e4-e911-a98f-000d3a378dd3,LEED,SB,26,1,8650.0,SF,False,46.25,28.0,3.7126019014764164
abeb2213-4ab3-e911-a97e-000d3a378f36,LEED,SB,84,0,21500.0,SF,False,126.0,55.0,4.172570278650485
af7c422d-5ecd-e611-80fa-5065f38afa01,LEED,SB,50,1,4000.0,SF,False,30.0,19.0,2.9569395675475882
281780dc-d758-e611-80e7-5065f38b4491,LEED,SB,89,1,13000.8,SF,False,117.5,136.0,26.283907267089674
cbbc2804-e58b-e611-80ed-5065f38b4491,LEED,SB,55,1,27296.0,SF,False,207.75,118.0,44.91262654263948
4985b620-6974-e611-80ea-5065f38b5171,LEED,SB,82,1,6110.0,SF,False,51.75,42.0,40.2143781186472
3b101b46-4bb7-e611-80f4-5065f38b5171,LEED,SB,57,1,3465.0,SF,False,21.5,6.0,3.7126019014764164
e676d621-167b-e411-957d-6c3be5a6aa7c,LEED,SB,37,0,557.5,SF,False,3.5,4.0,2.464116306289657
2cdf7572-ad2c-e411-98c5-6c3be5a6aa7c,LEED,SB,24,0,7500.0,SF,False,38.25,15.0,6.340992628185384
7d3c463f-c5b7-e411-ab49-6c3be5a6aa7c,LEED,SB,24,1,15100.0,SF,True,267.0,103.0,4.3696995831536585
27cc22c4-1cd3-e411-9210-6c3be5a841e0,LEED,SB,24,1,23324.0,SF,False,146.75,91.0,46.456806094581
1b5ae41c-24d3-e411-9210-6c3be5a841e0,LEED,SB,37,1,30500.96,SF,False,254.04,98.0,17.183104375859873
95696aad-47e0-e311-b46e-6c3be5a841e0,LEED,SB,58,0,6950.0,SF,False,51.25,26.0,6.012443787346763
f23c7911-ce06-e411-b50b-6c3be5a841e0,LEED,SB,24,1,8500.0,SF,True,153.5,61.0,6.308137744101521
c412a4ce-cf06-e411-b50b-6c3be5a841e0,LEED,SB,24,1,8493.0,SF,False,97.53,52.0,5.19107168525021
f4f7b4e6-d106-e411-b50b-6c3be5a841e0,LEED,SB,24,1,71195.0,SF,True,642.5,140.0,3.4169079447216575
884e4ddd-d506-e411-b50b-6c3be5a841e0,LEED,SB,40,1,5500.0,SF,False,42.25,15.0,2.9569395675475882
8085b741-175e-e411-8a09-6c3be5a8b8b0,LEED,SB,37,0,12500.0,SF,False,76.75,20.0,3.909731205979589
23413641-e306-e411-96d7-6c3be5a8b8b0,LEED,SB,24,1,4000.0,SF,False,36.33,11.0,1.149920942935173
2c2cf622-e406-e411-96d7-6c3be5a8b8b0,LEED,SB,24,1,0.0,SF,False,3.0,2.0,2.7269553789605534
ebd93c0c-8c07-e411-96d7-6c3be5a8b8b0,LEED,SB,40,1,5000.0,SF,False,45.5,20.0,2.792665147128278
a95be713-3e9c-e411-98dc-6c3be5a8b8b0,LEED,SB,58,0,101910.0,SF,False,683.75,387.0,47.57387215343231
f97973e3-1065-e411-b232-6c3be5a8b8b0,LEED,SB,89,1,43947.0,SF,False,341.25,230.0,55.787593174397834
72a51839-5e0c-e411-b2a1-6c3be5a8b8b0,LEED,SB,24,1,3500.0,SF,False,63.52,45.0,4.139715394566624
8547d23e-730c-e411-b2a1-6c3be5a8b8b0,LEED,SB,37,0,38000.0,SF,True,6.5,7.0,3.5154725969732437
9c662025-2735-e411-b4d5-6c3be5a8b8b0,LEED,SB,24,0,1950.0,SF,False,12.0,7.0,4.993942380747038
5bcb20cf-32b5-e311-accf-6c3be5a8ca30,LEED,SB,24,0,1000.0,SF,False,5.5,4.0,0.9856465225158627
9c0867fc-78ba-e111-bad6-78e3b508f847,LEED,SB,37,0,14376.0,SF,False,58.44,38.0,21.68422349534898
a60867fc-78ba-e111-bad6-78e3b508f847,LEED,SB,40,0,14925.0,SF,False,28.75,20.0,0.9199367543481386
31287352-b740-e211-8a15-78e3b51146cf,LEED,SB,40,0,10333.0,SF,False,30.55,19.0,18.66157415963367
5cd140fe-897c-e311-8b1b-78e3b51146cf,LEED,SB,24,1,10000.0,SF,False,260.5,135.0,36.304646912667614
654aafd2-9a2c-e311-8b1c-78e3b51146cf,LEED,SB,24,0,10160.0,SF,False,66.16,28.0,1.0185014065997249
cd358680-1835-e311-8b1c-78e3b51146cf,LEED,SB,24,1,2000.0,SF,False,15.75,9.0,16.49315181009877
b7a1c4e6-bc0d-e211-8b25-78e3b51146cf,LEED,SB,24,1,54722.2,SF,False,434.25999999999993,184.0,13.766196431138216
565776ef-f690-e211-8bd7-78e3b51146cf,LEED,SB,40,0,14120.0,SF,False,23.5,11.0,0.13141953633544837
56584083-6d95-e211-8bd7-78e3b51146cf,LEED,SB,24,0,47260.0,SF,False,295.62,165.0,24.37832399022567
50042449-c5da-e211-97d3-78e3b51146cf,LEED,SB,40,1,735.0,SF,False,3.5,3.0,12.287726647364423
75b22527-7fba-e111-b5df-78e3b511a685,LEED,SB,40,0,9917.0,SD,False,34.5,27.0,15.408940635331321
d31fcb4b-cf13-e211-8b1a-78e3b511b601,LEED,SB,24,1,9000.0,SF,False,75.91,30.0,6.2095730918499354
32a9addd-55ee-e211-8c1d-78e3b511b601,LEED,SB,24,1,9548.0,SF,False,78.92,25.0,2.858374915296002
55db786b-e3de-e211-8c41-78e3b511b601,LEED,SB,37,1,1240.0,SF,False,38.25,15.0,1.117066058851311
10ac12b4-fdcd-e211-8c54-78e3b511b601,LEED,SB,40,1,1000.0,SF,False,38.5,29.0,5.322491221585659
abcfd399-6103-e211-b721-78e3b511b601,LEED,SB,24,1,34055.0,SF,False,329.31999999999994,208.0,14.160455040144562
283b56f9-b019-e311-b7e1-78e3b511b601,LEED,SB,24,1,3750.0,SF,False,83.32,46.0,4.139715394566624
d202d746-1b2a-e311-b7e1-78e3b511b601,LEED,SB,24,0,5774.0,SF,False,47.83,23.0,6.045298671430625
e531f6b1-2ce5-e411-bc42-a45d36fc0a08,LEED,SB,37,0,6465.0,SF,False,7.0,3.0,2.6612456107928293
b1a5d267-437e-43b8-b74f-b0dc00d00885,LEED,SB,40,1,0.0,SF,False,7.0,3.0,0.9527916384320007
947eadb2-f2db-e511-8104-c4346bac0260,LEED,SB,24,1,3035.0,SF,False,26.0,12.0,0.5913879135095177
99d88539-d49a-e511-80f3-c4346bac4b64,LEED,SB,37,0,6800.0,SF,False,28.0,6.0,19.220107189059323
5b078853-96a3-e511-80f3-c4346bac4b64,LEED,SB,24,1,24350.0,SF,False,188.0,65.0,15.343230867163596
6b6a3bdf-fe57-e511-80e8-c4346bacb92c,LEED,SB,37,0,34099.33,SF,False,229.67,70.0,17.840202057537116
de5d0338-0258-e511-80e8-c4346bacb92c,LEED,SB,37,0,104796.07,SF,False,116.25,28.0,5.585330294256556
1e4c4255-c188-e511-80f1-c4346bacb92c,LEED,SB,50,1,14850.0,SF,True,143.0,85.0,10.612127559087456
b83e0eb9-c688-e511-80f1-c4346bacb92c,LEED,SB,24,1,14850.0,SF,True,140.0,91.0,8.837963818558903
5567af6b-d9b3-e511-80f7-c4346bacb92c,LEED,SB,24,1,7500.0,SF,False,57.25,21.0,2.858374915296002
d3065df1-9bfa-e511-8109-c4346bacdbe8,LEED,SB,44,1,100010.0,SF,False,655.25,394.0,50.99078009815397
33d72ab1-0d17-e611-810c-c4346bacdbe8,LEED,SB,24,1,8000.0,SF,False,76.0,46.0,32.132076634017125
0d4ed731-1247-e711-80ff-e0071b66cf61,LEED,SB,43,0,22000.0,SF,False,105.0,45.0,7.359494034785109
268ef2ff-3a67-e711-8101-e0071b66cf61,LEED,SB,57,0,6100.0,SF,False,33.5,12.0,1.6427442041931046
7b517b06-0b73-e711-8102-e0071b66cf61,LEED,SB,55,1,16400.0,SF,False,92.75,57.0,28.61660403704388
6cb650dc-aca4-e711-8107-e0071b66cf61,LEED,SB,55,0,3300.0,SF,False,18.0,4.0,4.172570278650485
552a146b-c1c8-e711-810f-e0071b66cf61,LEED,SB,82,1,11404.0,SF,False,94.5,52.0,19.81149510256884
9879f1a9-be76-e711-8108-e0071b6ad191,LEED,SB,44,0,7120.0,SF,False,43.5,18.0,5.158216801166349
7051a608-1d9c-e711-810c-e0071b6ad191,LEED,SB,24,0,4125.0,SF,False,20.0,10.0,1.6098893201092426
bf7d6cf3-0bb5-e711-8110-e0071b6ad191,LEED,SB,82,1,62992.0,SF,True,460.0,360.0,33.08486827244913
3da60549-4303-e711-80fd-e0071b715b91,LEED,SB,89,1,13000.0,SF,False,91.64999999999999,127.0,36.96174459434485
8cf6947e-0a2a-e711-8105-e0071b715b91,LEED,SB,24,0,5435.0,SF,False,30.5,14.0,8.936528470810488
d9604e02-3d2c-e711-8105-e0071b715b91,LEED,SB,55,1,17670.75,SF,False,126.25,60.0,9.166512659397524
9cd9bb76-736d-e711-810b-e0071b715b91,LEED,SB,55,1,3067.89,SF,False,19.0,7.0,12.287726647364423
6e75f692-a08e-e711-810f-e0071b715b91,LEED,SB,89,0,13110.0,SF,False,79.25,56.0,4.303989814985934
64c4ed32-a012-e811-811d-e0071b715b91,LEED,SB,89,0,13000.0,SF,False,52.75,79.0,24.70687283106429
f59cf68e-d54a-e711-811b-e0071b7458a1,LEED,SB,55,1,7000.0,SF,False,58.0,39.0,35.68040411507423
451c26e8-b70d-e811-812f-e0071b7458a1,LEED,SB,44,0,7500.0,DV,False,50.0,16.0,2.266987001786484
5530259b-2222-e811-8131-e0071b7458a1,LEED,SB,24,1,1650.0,SF,False,8.5,4.0,1.084211174767449
540867fc-78ba-e111-bad6-78e3b508f847,Commissioning,SB,51,0,41231.0,SF,False,209.5,150.0,54.37483315879176
560867fc-78ba-e111-bad6-78e3b508f847,GPR,SB,37,0,21600.0,SF,False,136.95,15.0,9.396496847984558
680867fc-78ba-e111-bad6-78e3b508f847,Commissioning,SB,51,0,19858.0,SF,False,13.75,14.0,5.453910757921107
7e0867fc-78ba-e111-bad6-78e3b508f847,Commissioning,SB,51,0,44832.0,SF,False,7.5,6.0,7.359494034785109
860867fc-78ba-e111-bad6-78e3b508f847,Energy Modeling,SB,37,1,22360.0,SF,False,322.25,114.0,18.39873508696277
880867fc-78ba-e111-bad6-78e3b508f847,LEED,SB,24,1,2000.0,SF,False,20.0,10.0,11.992032690609664
920867fc-78ba-e111-bad6-78e3b508f847,LEED,SB,24,0,1500.0,SF,False,10.5,11.0,4.566828887656831
9e0867fc-78ba-e111-bad6-78e3b508f847,Energy Modeling,SB,40,1,2072.0,SF,False,19.75,9.0,5.453910757921107
a20867fc-78ba-e111-bad6-78e3b508f847,Commissioning,SB,51,0,10132.0,SF,False,,,
3d753e15-565c-e211-8a15-78e3b51146cf,Energy Modeling,SB,51,0,8950.0,SF,False,42.0,16.0,3.0226493357153124
8873639b-2038-e311-8b1c-78e3b51146cf,LEED,SB,24,0,4700.0,SF,False,19.75,13.0,6.472412164520832
c2e472e9-1901-e211-8b25-78e3b51146cf,Commissioning,SB,51,0,25081.0,SF,False,130.0,103.0,43.20417257027865
2cc4dfb8-1c01-e211-8b25-78e3b51146cf,Commissioning,SB,51,0,66321.0,SF,False,73.75,29.0,7.85231729604304
dc0da84c-2101-e211-8b25-78e3b51146cf,Commissioning,SB,51,0,10481.0,SF,False,45.25,39.0,17.74163740528553
584993f6-ee07-e211-8b25-78e3b51146cf,Energy Audit,SB,70,0,8950.0,SF,False,,,
4d562f7a-800d-e211-8b25-78e3b51146cf,LEED,SB,24,1,2200.0,SF,False,28.0,10.0,6.373847512269246
53355108-6512-e211-8b25-78e3b51146cf,Commissioning,SB,51,0,12231.0,SF,False,73.25,57.0,19.088687652723877
684b1aa2-9661-e211-8c09-78e3b51146cf,Energy Audit,SB,51,1,14025.0,SF,False,138.0,45.0,3.1540688720507606
886f0d86-856a-e211-8c09-78e3b51146cf,Commissioning,SB,51,1,17353.03,SF,False,139.75,88.0,24.47688864247726
58a7d950-55db-e111-8c2b-78e3b51146cf,LEED,SB,24,0,9520.0,SF,False,73.5,28.0,2.0041479291155877
28b6a23e-6e28-e211-8d52-78e3b51146cf,Commissioning,SB,51,1,9425.0,SF,False,3.0,2.0,5.289636337501797
bf323b1a-0b29-e211-8d52-78e3b51146cf,LEED,SB,24,1,1300.0,SF,False,12.5,4.0,2.562680958541243
ff721a23-0c29-e211-8d52-78e3b51146cf,Energy Audit,SB,24,1,15950.0,SF,False,141.9,47.0,7.589478223372143
e2f5bf39-3dc5-e111-8d5c-78e3b51146cf,LEED,SB,37,0,5281.25,SF,False,25.5,10.0,8.01659171646235
47553af0-60c5-e111-8d5c-78e3b51146cf,Compliance,SB,37,0,4000.0,SF,False,32.0,6.0,0.4599683771740693
35419b3e-fad1-e111-8d5c-78e3b51146cf,LEED,SB,40,0,5000.0,SF,False,39.5,17.0,6.406702396353108
4729ac5a-71ba-e111-b5df-78e3b511a685,Energy Audit,SB,24,0,3950.0,SF,False,31.6,3.0,0.06570976816772418
4d29ac5a-71ba-e111-b5df-78e3b511a685,Energy Modeling,SB,37,1,68479.0,SF,False,576.38,134.0,19.68007556623339
5b29ac5a-71ba-e111-b5df-78e3b511a685,LEED,SB,40,1,7500.0,SF,False,78.0,36.0,5.9138791350951765
5d29ac5a-71ba-e111-b5df-78e3b511a685,Commissioning,SB,51,0,10132.0,SF,False,6.25,3.0,3.909731205979589
8d29ac5a-71ba-e111-b5df-78e3b511a685,Commissioning,SB,51,0,10132.0,SF,False,15.0,11.0,12.944824329041664
9929ac5a-71ba-e111-b5df-78e3b511a685,Commissioning,SB,51,1,10132.0,SF,False,20.0,14.0,27.795231934947328
b729ac5a-71ba-e111-b5df-78e3b511a685,LEED,SB,37,1,16125.0,SF,False,134.0,65.0,9.199367543481385
7fb22527-7fba-e111-b5df-78e3b511a685,LEED,SB,24,0,50500.0,SF,False,364.5,140.0,12.846259676790078
81b22527-7fba-e111-b5df-78e3b511a685,Energy Audit,SB,24,0,27750.0,SF,False,,,
c303659a-83ba-e111-b5df-78e3b511a685,Energy Modeling,SB,40,0,23146.0,SF,False,66.12,11.0,6.111008439598349
9ddf0e4e-52c1-e111-8af8-78e3b511b601,Energy Modeling,SB,40,1,6500.0,SF,False,69.5,8.0,10.480708022752006
54376dee-f2c9-e111-8af8-78e3b511b601,LEED,SB,37,0,8000.0,SF,False,14.62,16.0,11.696338733854905
46844b4d-4dd1-e111-8af8-78e3b511b601,Energy Audit,SB,24,1,4725.0,SF,False,63.5,14.0,3.4497628288055195
a9ce102f-51d1-e111-8af8-78e3b511b601,Compliance,SB,70,0,2550.0,SF,False,14.5,6.0,12.123452226945112
9e8e0b33-52d1-e111-8af8-78e3b511b601,Commissioning,SB,51,1,16921.0,SF,False,170.75,99.0,34.9247417811454
5e00652b-b8d6-e111-8af8-78e3b511b601,LEED,SB,40,1,2500.0,SF,False,74.25,32.0,1.8398735086962772
85da1270-2013-e211-8b1a-78e3b511b601,Energy Modeling,SB,51,0,38500.0,SF,False,246.75,83.0,25.46253516499312
b0b4c95b-cd13-e211-8b1a-78e3b511b601,Energy Audit,SB,24,1,7000.0,SF,False,59.0,23.0,2.6283907267089672
aaf9695a-a838-e211-8b98-78e3b511b601,LEED,SB,37,0,3375.0,SF,False,27.0,12.0,0.7885172180126901
a8db0687-f555-e211-8b98-78e3b511b601,Energy Modeling,SB,51,1,3500.0,SF,False,38.0,17.0,1.7084539723608287
089c88b9-f7dc-e111-8bb2-78e3b511b601,Commissioning,SB,51,0,10741.0,SF,False,0.75,3.0,9.232222427565247
859e461c-84ba-e111-8be7-78e3b511b601,LEED,SB,24,0,21723.02,SF,False,61.0,17.0,11.762048502022628
9aa72c0f-85ba-e111-8be7-78e3b511b601,Commissioning,SB,51,0,12721.0,SF,False,8.75,6.0,8.279430789133247
38fe4d79-86ba-e111-8be7-78e3b511b601,Commissioning,SB,51,0,6236.0,SF,False,,,
cec1403a-87ba-e111-8be7-78e3b511b601,Energy Audit,SB,24,0,3200.0,SF,False,,,
3c5dcbf2-8a7b-e211-8c15-78e3b511b601,Commissioning,SB,51,0,10231.0,SF,False,19.75,16.0,13.996180619725251
2bfe208e-6463-e211-8d2f-78e3b511b601,Commissioning,SB,51,1,28831.0,SF,False,232.15,175.0,59.86159880079673
65d87c4f-5367-e211-8d2f-78e3b511b601,LEED,SB,40,1,10000.0,SF,False,105.5,40.0,5.19107168525021
c1e8e41c-f76e-e211-8d2f-78e3b511b601,Energy Modeling,SB,51,1,16450.0,SF,False,103.0,36.0,3.975440974147313
f371df1b-f86e-e211-8d2f-78e3b511b601,Energy Modeling,SB,51,0,3150.0,SF,False,15.0,7.0,1.7413088564446908
7cb5e811-5f07-e211-b721-78e3b511b601,Energy Audit,SB,24,0,26297.5,SF,False,58.1,24.0,7.425203802952833
49b6cb99-aa4b-e211-8a15-78e3b51146cf,HPPM,PM,37,1,7747.5,SF,False,78.5,52.0,6.965235425778763
3bb0898e-a67b-e211-8b44-78e3b51146cf,Incentives & Rebates,PM,70,0,4960.0,SF,False,25.5,19.0,18.464444855130495
9904d97b-d785-e211-8bd7-78e3b51146cf,HPPM,PM,37,0,49090.0,SF,False,14.0,13.0,6.833815889443315
0e15a8e4-d6ba-e111-8ca7-78e3b51146cf,Incentives & Rebates,PM,70,1,2100.0,SF,False,21.0,5.0,6.932380541694902
7329ac5a-71ba-e111-b5df-78e3b511a685,Compliance,PM,37,1,4520.0,SF,False,38.25,20.0,2.0041479291155877
83b22527-7fba-e111-b5df-78e3b511a685,HPPM,PM,37,1,5650.0,SF,False,52.7,26.0,8.01659171646235
12da717d-41db-e111-8bb2-78e3b511b601,Incentives & Rebates,PM,37,0,7500.0,SF,False,34.0,26.0,39.91868416189244
b904f140-b970-e211-8c15-78e3b511b601,HPPM,PM,37,1,8700.0,SF,False,67.0,42.0,2.069857697283312
b52c962d-48ed-e111-b721-78e3b511b601,Compliance,PM,58,1,72760.0,SF,False,530.0,257.0,47.34388796484527
96aabcfd-b509-e211-b721-78e3b511b601,HPPM,PM,40,0,4600.0,SF,False,15.0,8.0,1.41276001560607
21659830-7cd9-e911-a98c-000d3a378dd3,Strategic Planning,OP,49,1,13455.0,DV,False,123.0,72.0,8.607979629971869
d0b7be13-e4de-e911-a98e-000d3a378dd3,Compliance,EN,33,0,2250.0,SF,False,11.25,12.0,9.692190804739317
53d9662b-e1f6-e911-a813-000d3a36886f,PM TI,PM,21,1,16380.0,SF,False,96.5,41.0,4.139715394566624
791b861c-fb59-e811-a94e-000d3a37870e,PM TI,PM,54,1,185714.0,SF,False,1212.25,252.0,25.528244933160845
b097d474-32cf-e911-a97c-000d3a378ca2,PM TI,PM,54,1,6197.5,SF,False,35.5,22.0,7.655187991539868
97a95046-ae6d-e811-a956-000d3a378f36,PM TI,PM,54,1,59500.0,SF,False,367.5,199.0,32.49348035893961
ec2c9967-65d7-e611-80fa-5065f38afa01,HPPM,PM,37,1,10000.0,SF,False,83.0,19.0,1.6427442041931046
24f3fa9c-4392-e211-8bd7-78e3b51146cf,HPPM,PM,70,1,0.0,SF,False,12.0,6.0,56.08328713115259
d33e6085-c835-ea11-a813-000d3a368be7,Strategic Planning,PM,37,0,6000.0,SF,False,28.0,6.0,2.234132117702622
fae7ca11-7c51-e911-a971-000d3a3780dd,PM Ground Up,PM,37,0,17412.0,SF,False,85.75,25.0,7.523768455204419
9f6b883a-c6cd-e911-a979-000d3a3780dd,PM TI,PM,32,0,38000.0,SF,False,,,
4a6c7d00-c8cd-e911-a979-000d3a3780dd,PM TI,PM,25,0,47700.0,SF,False,,,
5dba3750-aa75-e911-a977-000d3a37839b,PM Ground Up,PM,37,1,299192.75,SF,False,1513.0,230.0,5.946734019179039
42c1b89f-6014-e911-a966-000d3a37870e,PM Ground Up,PM,37,0,170000.0,DV,False,4.5,3.0,31.836382677262367
db4b1d11-8cd8-e911-a98b-000d3a378dd3,PM Ground Up,PM,25,1,46641.0,SF,False,234.5,45.0,0.9199367543481386
6bdde777-5117-e911-a966-000d3a3780dd,PM TI,PM,54,1,8350.0,SF,False,62.5,21.0,2.6283907267089672
6db43bf5-5217-e911-a966-000d3a3780dd,PM TI,PM,54,1,16480.0,SF,False,110.5,35.0,4.632538655824555
3b192c6c-c574-e811-a956-000d3a37839b,LEED,PM,37,0,0.0,SF,False,,,
67b29502-c674-e811-a956-000d3a37839b,Strategic Planning,PM,37,0,4000.0,SF,False,,,
e69a59aa-4f94-e811-a959-000d3a37839b,PM TI,PM,54,1,1485.0,SF,False,11.0,4.0,2.891229799379864
162c54f8-77f2-e811-a965-000d3a37839b,Energy Audit,PM,37,1,10000.0,SF,False,50.17,12.0,8.837963818558903
4a4b3e7a-58fe-e811-a96a-000d3a37839b,PM TI,PM,54,1,37750.0,SF,False,231.5,71.0,4.632538655824555
127f139e-9d78-e811-a953-000d3a37870e,HPPM,PM,58,1,30200.0,SF,False,215.5,111.0,6.8666707735271775
0c5861a2-9e78-e811-a953-000d3a37870e,HPPM,PM,37,0,99855.0,SF,False,464.25,107.0,15.24466621491201
451c6b54-fb0a-e911-a964-000d3a37870e,PM TI,PM,54,1,19570.0,SF,False,146.5,48.0,5.388200989753383
d4cabc53-3089-e811-a957-000d3a378dd3,PM TI,PM,77,0,40785.0,SF,True,180.5,80.0,5.979588903262901
368f5acd-c8a4-e811-a95a-000d3a378dd3,HPPM,PM,37,0,198091.0,SF,False,993.25,284.0,6.932380541694902
b7bf7f01-d8f1-e811-a962-000d3a378dd3,Strategic Planning,PM,37,0,9700.0,SF,False,,,
024c4c6f-0fc3-e611-80f9-5065f38afa01,Compliance,PM,66,1,3489.6,SF,False,23.0,11.0,22.078482104355327
a1ff3e54-e4b7-e611-80f4-5065f38b4491,Strategic Planning,PM,37,1,6000.0,SF,False,43.92,14.0,5.782459598759728
61312bbf-9f86-e611-80ed-5065f38b5171,Brokerage,PM,69,0,8000.0,SF,False,17.0,14.0,8.673689398139592
1a3c5fd4-40be-e611-80f5-5065f38b5171,Energy Modeling,PM,37,0,12125.0,SF,False,3.75,4.0,19.975769522988152
4ffa9dbc-01e7-e611-80f9-5065f38b5171,LBC,PM,66,0,3700.0,SF,False,16.5,9.0,12.189161995112835
123a3769-0ff8-e311-93d1-6c3be5a6aa7c,HPPM,PM,37,0,7020.0,SF,False,44.0,19.0,29.470831023224296
b8b8f736-8b13-e411-964e-6c3be5a6aa7c,Compliance,PM,51,0,2200.0,SF,False,12.5,4.0,0.9199367543481386
bda6328d-a4a1-e411-b301-6c3be5a6aa7c,Incentives & Rebates,PM,37,0,660.0,SF,False,4.0,3.0,3.1540688720507606
15920e5e-7d38-e411-b376-6c3be5a6aa7c,LEED,PM,58,0,4250.0,SF,False,32.5,8.0,0.4271134930902072
5d9d2a0c-5ac0-e311-aa0f-6c3be5a841e0,LCCA,PM,24,1,10000.0,SF,False,80.5,59.0,3.942586090063451
10c6b2da-8fdf-e311-b46e-6c3be5a841e0,HPPM,PM,40,1,17500.0,SF,False,107.25,43.0,7.983736832378488
468e264f-d102-e411-b50b-6c3be5a841e0,HPPM,PM,40,0,94200.0,SF,False,164.0,37.0,19.975769522988152
b4660649-212e-e411-bfa0-6c3be5a841e0,Incentives & Rebates,PM,37,0,50000.0,SF,False,50.5,20.0,27.795231934947328
cc734b42-db70-e411-83c9-6c3be5a8b8b0,HPPM,PM,24,0,4810.0,SF,True,19.5,12.0,0.5256781453417935
6c3e4f13-23b6-e411-8d3b-6c3be5a8b8b0,Strategic Planning,PM,40,1,491351.0,SF,True,2576.25,644.0,10.480708022752006
dcbe7b8c-61e0-e311-9408-6c3be5a8b8b0,Compliance,PM,58,0,10000.0,SF,False,43.5,22.0,12.189161995112835
db290968-c695-e311-a9b6-6c3be5a8b8b0,Incentives & Rebates,PM,70,0,16250.0,SF,False,7.5,6.0,3.5154725969732437
e42f875e-4fee-e211-8a2e-78e3b51146cf,HPPM,PM,37,1,14950.0,SF,False,111.5,46.0,1.4784697837737941
9fddb58f-5167-e311-8b1b-78e3b51146cf,Incentives & Rebates,PM,51,1,1080.0,SF,False,11.0,3.0,0.5256781453417935
a2352007-e182-e311-8b1b-78e3b51146cf,Incentives & Rebates,PM,51,1,5900.0,SF,False,67.6,33.0,2.924084683463726
fce37f62-2581-e211-8bd7-78e3b51146cf,Incentives & Rebates,PM,37,0,6520.0,SF,False,36.25,38.0,33.21628780878457
0653f871-ac11-e311-8c30-78e3b51146cf,HPPM,PM,40,0,7425.0,SF,False,9.5,4.0,7.950881948294626
ac43d9c5-e2b0-e211-8a96-78e3b511b601,HPPM,PM,37,0,9000.0,SF,False,9.0,7.0,2.3655516540380708
2e572049-42d5-e211-8cf1-78e3b511b601,HPPM,PM,37,1,3500.0,SF,False,29.25,13.0,2.234132117702622
1e29b9aa-9a27-e311-b7e1-78e3b511b601,HPPM,PM,37,0,1240.0,SF,False,7.5,7.0,0.7885172180126901
a0a068c6-85c6-e411-9d03-a45d36fc0a08,Strategic Planning,PM,50,0,7500.0,SF,False,28.75,22.0,11.499209429351732
bc57ae87-54c7-e411-9d03-a45d36fc0a08,Strategic Planning,PM,40,0,48000.0,SF,False,10.5,7.0,12.024887574693526
a53de2a2-c476-e511-80f0-c4346bac0260,LEED,PM,66,0,14760.0,SF,False,67.0,46.0,25.823938889915603
f1c0dcf0-7f3e-e611-8117-c4346bac0260,HPPM,PM,42,1,42180.75,SF,False,258.25,89.0,11.79490338610649
5b683a9f-2c57-e511-80e3-c4346bac4b64,Strategic Planning,PM,40,0,295680.0,SF,True,1092.48,290.0,8.410850325468695
09c6ce6e-a2e0-e511-80fa-c4346bac4b64,HPPM,PM,37,0,28000.0,SF,False,123.92,58.0,33.41341711328775
523b69c3-f057-e511-80e8-c4346bacb92c,Strategic Planning,PM,58,1,166100.0,SF,True,1709.94,382.0,4.566828887656831
f1d729be-9f22-e611-8104-c4346bacb92c,Compliance,PM,37,0,2475.0,SF,False,11.0,4.0,3.186923756134623
022f8f9a-6aff-43fe-ad5b-c4c1242a356c,LEED,PM,58,1,3500.0,SF,False,49.0,18.0,1.8398735086962772
2109a06c-9cf7-e611-80f2-e0071b66cf61,HPPM,PM,37,0,10500.0,DV,False,64.0,8.0,1.1827758270190354
c8c2be0c-7920-e711-80f8-e0071b66cf61,HPPM,PM,66,1,74525.0,SF,False,431.75,235.0,18.792993695969116
faccdcdf-7a20-e711-80f8-e0071b66cf61,HPPM,PM,66,0,11100.0,SF,False,58.75,30.0,1.051356290683587
de18f4c7-625b-e711-8100-e0071b66cf61,PM TI,PM,42,0,22800.0,SF,False,127.0,86.0,5.388200989753383
9fe7e453-0e14-e711-80fd-e0071b6ad191,PM TI,PM,42,0,69560.0,SF,False,345.0,188.0,14.029035503809114
5908bc50-5825-e711-80fe-e0071b6ad191,HPPM,PM,37,0,40184.0,DV,False,131.75,31.0,13.010534097209389
4009ec4b-0526-e711-80ff-e0071b6ad191,Strategic Planning,PM,37,0,10500.0,SF,False,46.25,13.0,2.3655516540380708
23ac46ec-7457-e711-8106-e0071b6ad191,HPPM,PM,40,1,29720.0,SF,False,314.0,133.0,6.636686584940143
58f68969-3452-e811-8128-e0071b6ad191,PM TI,PM,54,0,9500.0,SF,False,35.5,13.0,4.9610874966631755
39d2947d-a90d-e711-80fe-e0071b715b91,PM TI,PM,42,0,120620.0,SF,False,652.25,236.0,20.829996509168566
74326340-aa0d-e711-80fe-e0071b715b91,PM TI,PM,42,0,65000.0,SF,False,332.25,167.0,10.38214337050042
9f6056b8-0a1f-e711-8102-e0071b715b91,HPPM,PM,66,0,59999.0,SF,False,348.0,128.0,10.973531284009939
2241c926-c6b8-e711-8115-e0071b715b91,PM TI,PM,42,1,33855.0,SF,False,187.33,93.0,11.79490338610649
2ae06ff7-7e36-e711-8116-e0071b7458a1,PM TI,PM,37,0,61806.0,SF,False,303.75,176.0,18.628719275549805
03e563c5-623a-e711-8117-e0071b7458a1,PM TI,PM,66,0,186701.0,SF,False,1052.75,458.0,11.63062896568718
d389fd9a-6979-e711-811e-e0071b7458a1,PM TI,PM,77,0,130410.0,SF,False,610.75,294.0,16.82170065093739
7761e7fb-5d01-e811-812f-e0071b7458a1,PM TI,PM,54,1,114530.0,SF,True,658.0,317.0,14.850407605905666
19facc24-c215-e811-812f-e0071b7458a1,PM TI,PM,54,1,110198.0,SF,False,613.0,311.0,13.930470851557526
3554652b-a636-e811-8135-e0071b7458a1,PM TI,PM,74,0,40400.0,SF,False,202.0,87.0,5.979588903262901
c1c64a12-9dc6-e811-a95d-000d3a3780dd,Commissioning,EN,81,0,4416.63,SF,False,24.0,4.0,0.9527916384320007
76e99780-3420-e911-a96b-000d3a3780dd,Commissioning,EN,81,0,39810.0,SF,False,209.0,95.0,20.27146347974291
ed611e57-85f9-e811-a966-000d3a37839b,Commissioning,EN,24,0,15250.0,SF,False,79.25,33.0,10.316433602332697
c0b4260b-b166-e911-a975-000d3a37839b,Commissioning,EN,81,0,4500.0,SF,False,20.0,8.0,3.1540688720507606
4fd7d3bd-b166-e911-a975-000d3a37839b,Commissioning,EN,81,0,15600.0,SF,False,79.0,42.0,3.0226493357153124
aa17459a-9ccd-e811-a960-000d3a37870e,Commissioning,EN,86,0,13640.0,SF,False,84.5,40.0,2.20127723361876
77648bb2-462e-e911-a964-000d3a378ca2,Commissioning,EN,81,1,21370.0,SF,False,145.75,54.0,16.95312018727284
1a8a0c11-62af-e911-a97e-000d3a378f36,Commissioning,EN,81,0,2500.0,SF,False,13.0,4.0,1.051356290683587
d500563e-ccc3-e611-80f9-5065f38afa01,Commissioning,EN,81,0,49700.0,SF,False,255.25,104.0,32.82202919977823
f04d9afb-e58b-e611-80ed-5065f38b4491,Commissioning,EN,45,1,23435.0,SF,False,166.0,98.0,42.087106511427336
dd57869b-ded9-e611-80f7-5065f38b4491,Commissioning,EN,81,0,112100.0,SF,False,588.0,235.0,35.61469434690651
277dd8c3-1247-e711-80ff-e0071b66cf61,Commissioning,EN,81,0,4860.0,SF,False,16.0,11.0,11.499209429351732
b6daa6a5-f7b5-e711-8114-e0071b715b91,Commissioning,EN,81,0,12665.0,SF,True,54.0,22.0,14.390439228731596
008c1edb-f7b5-e711-8114-e0071b715b91,Commissioning,EN,81,1,63832.0,SF,True,366.75,181.0,32.460625474855746
91812a8f-dede-e711-811a-e0071b715b91,Commissioning,EN,81,0,123600.0,SF,True,607.75,224.0,30.65360685024333
30e315a8-9041-e811-8126-e0071b715b91,Commissioning,EN,81,0,47230.0,SF,True,241.25,132.0,13.076243865377112
7be301fe-fb1a-ea11-a811-000d3a36880e,Commissioning,EN,81,1,24033.0,SF,False,215.0,86.0,4.205425162734348
2605c26a-efaa-e811-a95c-000d3a3780dd,Commissioning,SB,81,0,5800.0,SF,True,20.0,8.0,3.6468921333086923
646c53c0-96b0-e811-a95c-000d3a3780dd,Commissioning,SB,45,1,62370.0,SF,True,377.25,188.0,17.873056941620977
fb56f81c-8cf9-e811-a966-000d3a37839b,Commissioning,EN,45,1,33250.0,SF,True,197.0,103.0,24.115484917554774
8345ea7e-fd59-e811-a94e-000d3a37870e,Commissioning,EN,24,1,12105.0,SF,False,125.5,48.0,8.279430789133247
fafa7e5d-3091-e911-a975-000d3a37870e,Commissioning,SB,45,1,40770.0,SF,True,225.0,58.0,2.6941004948766913
77d66106-7b76-e811-a955-000d3a378ca2,Commissioning,SB,45,0,5420.0,SF,False,20.25,12.0,2.792665147128278
7b9b635b-3280-e611-80ef-5065f38afa01,Commissioning,SB,24,1,29300.0,SF,False,265.75,120.0,41.988541859175754
b3dae255-104d-e611-80e5-5065f38b4491,Commissioning,SB,51,1,46400.0,SF,False,288.0,136.0,21.48709419084581
ea1a3211-5eb7-e611-80f4-5065f38b4491,Commissioning,SB,45,1,33150.0,SF,True,242.5,139.0,23.031273742787327
147ba2b1-b9fc-e311-b50b-6c3be5a841e0,Commissioning,SB,51,0,10827.18,SF,False,57.0,48.0,23.622661656296845
8eb4664e-115e-e411-8a09-6c3be5a8b8b0,Commissioning,SB,45,0,40865.0,SF,False,246.0,164.0,23.58980677221298
9b4ef40e-23ed-e411-a607-6c3be5a8b8b0,Commissioning,SB,51,1,128540.0,SF,False,733.0,388.0,50.59652148914762
599c48dd-0d1c-e411-b762-6c3be5a8b8b0,Commissioning,SB,51,0,56875.0,SF,False,316.25,142.0,22.177046756606913
70000f23-86d1-e311-8efd-6c3be5a8ca30,Commissioning,SB,51,1,19590.0,SF,False,163.5,115.0,21.979917452103738
e6638337-c82b-e311-8b1c-78e3b51146cf,Commissioning,SB,51,0,16476.0,SF,False,89.0,67.0,12.977679213125526
f05b4999-744d-e311-8b1c-78e3b51146cf,Commissioning,SB,51,0,10000.0,SF,False,52.0,44.0,11.992032690609664
f5529475-30cd-e211-8b9c-78e3b51146cf,Commissioning,SB,51,0,35531.0,SF,False,90.5,34.0,11.893468038358078
f6942f62-2681-e211-8c2c-78e3b511b601,Commissioning,SB,51,0,11231.0,SF,False,85.5,54.0,31.704963140926917
f35ff683-4a63-e211-8d2f-78e3b511b601,Commissioning,SB,51,1,16391.0,SF,False,117.0,89.0,59.631614612209695
57df13fd-ff25-e311-b7e1-78e3b511b601,Commissioning,SB,51,0,5500.0,SF,False,38.75,19.0,11.236370356680835
638d4cf5-d1c9-e411-9d03-a45d36fc0a08,Commissioning,SB,51,0,34770.0,SF,False,211.25,126.0,36.92888971026099
370faa66-d59f-4af0-9fa1-af3469d6be5d,Commissioning,SB,51,0,11006.38,SF,False,70.4,54.0,30.883591038830367
a781f2a3-3cc9-e511-80f6-c4346bac4b64,Commissioning,SB,51,0,17270.0,SF,False,113.25,67.0,14.489003880983182
4dfbef50-ae10-e611-8101-c4346bac4b64,Commissioning,SB,51,0,22850.0,SF,False,149.25,79.0,16.9859750713567
0a27ad09-8014-e511-80e0-c4346bac5940,Commissioning,SB,51,1,39210.0,SF,True,343.5,162.0,24.772582599232017
a6ab2efa-dcca-e511-80f9-c4346bacb92c,Commissioning,SB,81,0,52640.0,SF,False,324.75,180.0,26.0867779625865
ab74da71-e9b4-e711-8110-e0071b6ad191,Commissioning,SB,45,1,47240.0,SF,True,330.09,197.0,25.10113144007064
7585e601-a0d3-e711-8115-e0071b6ad191,Commissioning,SB,81,1,37500.0,SF,True,248.75,133.0,20.60001232058153
eaf0b097-0f09-e711-80fe-e0071b715b91,Commissioning,EN,81,0,10900.0,SF,False,11.5,8.0,25.561099817244706
8e48c14e-431e-e711-8102-e0071b715b91,Commissioning,SB,45,0,59310.0,SF,True,371.15,167.0,21.55280395901353
dfadd128-a336-e711-8105-e0071b715b91,Commissioning,SB,45,1,33190.0,SF,True,232.0,125.0,19.581510913981806
b84e915e-fc67-e711-810b-e0071b715b91,Commissioning,EN,45,1,80590.0,SF,True,525.25,250.0,35.64754923099037
f522c625-a906-e811-811d-e0071b715b91,Commissioning,SB,45,0,13770.0,SF,True,87.5,73.0,12.189161995112835
9d294b6d-ddfe-e611-810c-e0071b7458a1,Commissioning,SB,45,1,66590.0,SF,True,482.5,225.0,23.918355613051602
08a5833e-b118-e711-8112-e0071b7458a1,Commissioning,SB,81,0,6100.0,SF,False,33.75,18.0,12.87911456087394
b7f727f7-6e62-e711-811c-e0071b7458a1,Commissioning,SB,45,1,56060.0,SF,True,382.25,252.0,21.19140023409105
91db03c3-7cb6-e711-8126-e0071b7458a1,Commissioning,EN,45,1,160730.0,SF,True,1088.3,606.0,22.965563974619602
5445e695-11d6-e711-812b-e0071b7458a1,Commissioning,EN,81,0,25000.0,SF,False,125.5,57.0,36.27179202858375
6aa794b2-d4e5-e711-812d-e0071b7458a1,Commissioning,SB,45,1,24620.0,DV,True,160.5,106.0,26.481036571592846
95ddba67-8307-e811-812f-e0071b7458a1,Commissioning,SB,45,1,11950.0,SF,True,90.25,76.0,13.569067126635044
10cb571a-e218-e811-812f-e0071b7458a1,Commissioning,EN,81,1,71810.0,SF,False,451.75,175.0,24.838292367399742
8fc2b5cb-5077-e911-a977-000d3a37839b,PM TI,PM,79,1,297000.0,SF,False,1944.5,281.0,15.014682026324977
9c159a6f-f61b-e411-98c5-6c3be5a6aa7c,HPPM,PM,40,0,111060.0,SF,False,711.42,468.0,27.598102630444156
9900d651-031c-e411-98c5-6c3be5a6aa7c,LCCA,PM,24,0,9240.0,SF,False,39.5,19.0,9.856465225158628
3df8e848-bba5-e411-b301-6c3be5a6aa7c,LEED,PM,37,1,88110.64,SF,False,562.4699999999999,187.0,25.495390049076985
45e4e399-66a2-e411-98dc-6c3be5a8b8b0,M&V,EN,82,1,16485.0,SF,False,134.9,64.0,47.24532331259369
058b092f-6aa2-e411-98dc-6c3be5a8b8b0,Energy Modeling,EN,24,1,62834.0,SF,False,398.25,135.0,45.14261073122651
79f8d27b-db8a-e311-8b1b-78e3b51146cf,HPPM,PM,37,0,129379.0,SF,False,280.48,105.0,1.8070186246124151
02844a70-216f-e211-8c09-78e3b51146cf,LEED,PM,24,0,8680.0,SF,False,55.25,27.0,5.059652148914762
d731d0cd-da8d-e311-8a37-78e3b511b601,LCCA,PM,24,1,13640.0,SF,False,94.0,46.0,2.759810263044416
287a36af-0ac7-e211-8c54-78e3b511b601,HPPM,PM,24,0,31503.0,SF,False,166.25,57.0,9.856465225158628
08f21575-2d66-e511-80eb-c4346bacb92c,LEED,PM,37,1,71789.9,SF,False,470.26,175.0,46.7196451672519
9a2a0b10-e683-e511-80f1-c4346bacb92c,HPPM,PM,55,1,7200.0,SF,False,100.0,26.0,6.472412164520832
0b5e06d5-ae48-e811-8120-e0071b66cf61,PM TI,PM,79,1,297000.0,SF,False,2088.5,269.0,11.762048502022628
565eb0f9-213c-e711-8102-e0071b6ad191,HPPM,PM,37,1,127160.0,SF,False,691.75,385.0,22.341321177026224
d4a78005-8241-ea11-a812-000d3a368be7,Materials,SB,9,1,4000.0,SF,True,33.25,28.0,4.993942380747038
1ba5c216-8a6a-e811-a955-000d3a37839b,LEED,SB,67,0,0.0,SF,True,,,
21ea5731-42f8-e811-a965-000d3a37839b,Strategic Planning,SB,58,1,249500.0,SF,True,1558.0999999999997,978.0,11.992032690609664
fc5381e6-f428-e911-a964-000d3a378ca2,LEED,SB,39,1,36250.0,SF,False,282.96000000000004,175.0,16.887410419105116
ffcf6fd4-6f46-e911-a96a-000d3a378ca2,LEED,SB,78,0,5280.0,DV,False,32.5,23.0,1.2156307111028974
d1f47c20-95b9-e911-a97e-000d3a378f36,Strategic Planning,SB,84,0,15720.0,SF,True,86.0,31.0,2.464116306289657
b32d8889-5dcd-e611-80fa-5065f38afa01,Energy Audit,SB,53,1,14000.0,SF,False,132.25,36.0,3.219778640218485
04f7fd63-fcef-e611-80f9-5065f38b4491,Energy Modeling,SB,46,1,14088.0,SF,False,101.0,28.0,10.086449413745662
1ca9aaa5-e5dd-e611-80f7-5065f38be0e1,Energy Modeling,SB,55,1,16705.0,SF,False,91.0,29.0,12.189161995112835
d860cb39-e6dd-e611-80f7-5065f38be0e1,LEED,SB,55,0,80860.0,SF,False,522.5,353.0,38.078810653196165
b63423c6-86de-e611-80f7-5065f38be0e1,Strategic Planning,SB,58,0,79200.0,SF,True,535.75,263.0,11.532064313435594
cb65f356-a9de-e611-80f7-5065f38be0e1,Strategic Planning,SB,67,0,120960.0,SF,False,1149.5,245.0,23.819790960800017
130c825b-f81b-e411-98c5-6c3be5a6aa7c,Energy Modeling,SB,37,0,15750.0,SF,False,95.4,50.0,9.72504568882318
f2beeddc-031c-e411-98c5-6c3be5a6aa7c,M&V,SB,53,1,12250.0,SF,False,94.45,54.0,21.782788147600566
48b3d465-125e-e411-8a09-6c3be5a8b8b0,Energy Modeling,SB,37,1,1800.0,SF,False,11.5,7.0,9.26507731164911
82d56937-5ece-e411-8a8d-6c3be5a8b8b0,Compliance,SB,24,0,4480.0,SF,False,26.25,16.0,23.655516540380706
d9d83287-97fc-e311-96d7-6c3be5a8b8b0,Education,SB,24,0,3000.0,SF,False,14.0,4.0,1.5770344360253803
a3ae586a-62a2-e411-98dc-6c3be5a8b8b0,LEED,SB,82,0,109338.0,SF,False,699.25,434.0,69.12667611244584
e8f8d0c0-dccb-e311-8efd-6c3be5a8ca30,LEED,SB,24,0,206693.29,SF,True,1180.0,314.0,23.622661656296845
6c0867fc-78ba-e111-bad6-78e3b508f847,Energy Modeling,SB,37,1,15656.0,SF,False,130.57999999999998,57.0,23.951210497135463
87a6ec4a-9f1c-e211-8b05-78e3b51146cf,LEED,SB,37,1,28307.5,SF,False,242.0,179.0,24.96971190373519
df638002-2f56-e311-8b1b-78e3b51146cf,LEED,SB,24,1,58900.04,SF,False,449.5,249.0,79.41025483069467
95537cb7-dc8a-e311-8b1b-78e3b51146cf,Energy Modeling,SB,37,0,35250.0,SF,False,35.0,15.0,0.7556623339288281
f32e9e11-0381-e211-8bd7-78e3b51146cf,Energy Modeling,SB,51,0,5425.0,SF,False,19.5,11.0,9.659335920655455
c4f7421a-d082-e211-8bd7-78e3b51146cf,Energy Modeling,SB,51,1,6500.0,SF,False,69.5,35.0,28.12378077578595
b7fdf68c-df8d-e311-8a37-78e3b511b601,Energy Modeling,SB,55,0,16250.0,SF,False,123.0,49.0,1.41276001560607
70454a3d-dab2-e211-8a96-78e3b511b601,Energy Modeling,SB,51,1,4120.0,SF,False,34.25,15.0,29.53654079139202
3f7b642b-d38c-e211-8c2c-78e3b511b601,LEED,SB,37,1,5465.0,SF,False,53.5,49.0,12.681985256370767
7d410caf-9142-e311-b7e1-78e3b511b601,GPR,SB,40,0,2015.0,SF,False,12.5,8.0,1.084211174767449
3e0631d2-d502-e611-810d-c4346bac0260,LEED,SB,84,0,48175.0,SF,False,282.25,135.0,31.967802213597814
5990ad5b-1729-e611-8114-c4346bac0260,Strategic Planning,SB,58,0,60060.0,SF,False,572.0,103.0,6.932380541694902
391231f7-8d29-e511-80da-c4346bac4b64,LEED,SB,58,1,7500.0,SF,True,66.0,26.0,2.792665147128278
401c1277-652a-e511-80da-c4346bac4b64,LEED,SB,57,1,11160.0,SF,True,90.75,28.0,1.4784697837737941
b41f4be5-3bc9-e511-80f6-c4346bac4b64,Energy Modeling,SB,46,1,15480.0,SF,False,106.0,49.0,34.95759666522927
5cbce0cb-b931-e611-810a-c4346bac4b64,LEED,SB,57,1,12600.0,SF,True,128.25,30.0,7.4580586870366945
87442150-c8ca-e511-80f9-c4346bacb92c,Energy Modeling,SB,72,1,29210.0,SF,False,196.75,59.0,25.791084005831742
9699bcca-a139-e611-810a-c4346bacb92c,M&V,SB,45,1,13250.0,SF,False,150.0,72.0,18.69442904371753
1957035e-3b55-e711-8100-e0071b66cf61,Energy Modeling,SB,46,0,14780.0,SF,False,73.5,20.0,8.509414977720281
057e711e-3c55-e711-8100-e0071b66cf61,LEED,SB,44,0,22830.0,SF,False,141.25,90.0,24.082630033470913
adaede4f-c977-e711-8102-e0071b66cf61,Strategic Planning,SB,24,1,27405.0,SF,False,202.5,117.0,8.509414977720281
36259e8c-ebfb-e711-8116-e0071b66cf61,Strategic Planning,SB,67,0,55680.0,SF,True,381.5,112.0,11.597774081603319
0b8f0556-6005-e811-8116-e0071b66cf61,Energy Modeling,SB,46,0,12000.0,SF,False,55.5,11.0,4.139715394566624
6b58442d-da26-e811-8119-e0071b66cf61,LEED,SB,84,0,18500.0,SF,False,102.5,36.0,10.874966631758353
eb54d07d-0947-e811-8120-e0071b66cf61,LEED,SB,84,1,8500.0,SF,True,48.5,34.0,13.799051315222078
ac3ca229-7d24-e711-80fe-e0071b6ad191,LEED,SB,89,1,5940.0,SF,False,37.75,37.0,18.595864391465945
d983caaa-2526-e711-80ff-e0071b6ad191,Energy Modeling,SB,72,1,36359.0,SF,False,217.5,52.0,33.31485246103616
b26039ec-0e09-e711-80fe-e0071b715b91,LEED,SB,89,1,5940.0,SF,False,54.75,40.0,19.844349986652702
2521f67c-c777-e711-811e-e0071b7458a1,Strategic Planning,SB,24,1,22326.0,SF,False,175.5,86.0,8.936528470810488
30a1219b-82b7-e711-8127-e0071b7458a1,M&V,SB,81,0,12810.0,SF,True,69.0,30.0,4.3696995831536585
680e9448-8107-e811-812f-e0071b7458a1,LEED,SB,58,0,9300.0,SF,True,55.25,34.0,8.180866136881662
cb0060ef-8207-e811-812f-e0071b7458a1,LEED,SB,58,0,9300.0,SF,True,46.75,32.0,7.786607527875316
7fe8017d-3753-e411-b300-6c3be5a841e0,Strategic Planning,PM,37,1,5500.0,SF,False,37.25,18.0,1.3470502474383457
eafb81e7-63a2-e411-98dc-6c3be5a8b8b0,Energy Modeling,EN,82,1,44112.0,SF,False,376.75,142.0,47.672436805683894
a6b62fb1-aa11-e311-8c30-78e3b51146cf,Commissioning,SB,51,1,14546.28,SF,False,155.0,122.0,25.363970512741535
8329ac5a-71ba-e111-b5df-78e3b511a685,Commissioning,SB,51,1,18000.0,SF,False,139.25,91.0,31.40926918417216
7bb22527-7fba-e111-b5df-78e3b511a685,GPR,SB,37,1,9859.0,SF,False,129.0,90.0,32.98630362019754
470db96a-434a-e811-8120-e0071b66cf61,WELL,SB,82,1,157970.0,SF,True,1043.25,621.0,29.99650916856609
29cdfb16-4ea5-e711-8110-e0071b715b91,PM Ground Up,PM,37,1,186460.0,SF,False,1312.0,286.0,8.049446600546213
41ea2549-914a-e511-80e3-c4346bac0260,LEED,PM,37,0,12871.25,SF,False,70.75,47.0,44.51836793363314
773264cd-bb60-e511-80eb-c4346bacdbe8,LEED,PM,37,1,32105.0,SF,False,254.26000000000002,88.0,27.565247746360296
cac3c2d0-ca82-e711-811f-e0071b7458a1,LEED,PM,37,0,17387.0,SF,False,94.0,38.0,8.509414977720281
5cf060c4-1a70-e911-a977-000d3a37839b,LEED,SB,44,1,40543.8,SF,True,285.95,242.0,13.864761083389803
1508c883-5277-e911-a977-000d3a37839b,LEED,SB,39,1,35500.0,SF,False,244.0,123.0,48.55951867594817
5e47cb91-8070-e611-80ed-5065f38afa01,LEED,SB,58,1,96908.75,SF,True,612.75,344.0,48.98663216903838
a3b674a5-757b-e611-80ee-5065f38afa01,LEED,SB,24,1,14000.0,SF,False,145.5,60.0,24.96971190373519
2f46b26b-506a-e611-80ea-5065f38b5171,LEED,SB,89,1,25000.0,SF,False,199.5,116.0,22.209901640690774
de030c53-b6c7-e611-80f5-5065f38be0e1,LEED,SB,89,1,86650.0,SF,False,694.25,516.0,42.67849442493686
c5ae3039-29e4-e611-80f8-5065f38be0e1,LEED,SB,44,1,24800.0,DV,False,266.75,191.0,41.1671697570792
6d1fa5e9-a066-e411-ad1d-6c3be5a6aa7c,LEED,SB,24,0,53500.0,SF,True,219.5,123.0,16.131748085176287
91fb0d80-00e2-e311-9408-6c3be5a8b8b0,LEED,SB,24,0,33951.0,SF,False,177.88000000000002,99.0,46.91677447175507
13e1d901-0aab-e411-9578-6c3be5a8b8b0,LEED,SB,37,0,6508.11,SF,False,35.0,16.0,6.899525657611039
9120e512-0a1c-e411-b762-6c3be5a8b8b0,LEED,SB,57,1,36750.0,SF,False,316.0,157.0,29.273701718721124
ca7f9813-ac40-e211-8a15-78e3b51146cf,LEED,SB,40,0,2875.0,SF,False,18.5,10.0,3.0555042197991744
d323c6d1-fe25-e311-8b1c-78e3b51146cf,LEED,SB,24,0,38000.0,SF,False,119.75,49.0,7.589478223372143
561e5e88-7f3d-e311-8b1c-78e3b51146cf,LEED,SB,37,0,27250.0,SF,False,127.5,49.0,5.749604714675866
3e90e397-a611-e311-8c30-78e3b51146cf,LEED,SB,55,1,35560.0,SF,False,439.0,209.0,38.407359494034786
5729ac5a-71ba-e111-b5df-78e3b511a685,LEED,SB,37,0,22818.34,SF,False,42.199999999999996,34.0,12.024887574693526
8bb22527-7fba-e111-b5df-78e3b511a685,LEED,SB,24,1,40770.0,SF,False,373.51,209.0,17.74163740528553
e2aed577-fdc9-e111-8af8-78e3b511b601,LEED,SB,24,1,21625.0,SF,False,195.34,86.0,15.178956446744285
508bd530-fb35-e311-b7e1-78e3b511b601,LEED,SB,37,0,28500.0,SF,False,62.25,32.0,3.5483274810571057
0a704b79-90f9-e411-965d-a45d36fc0a08,LEED,SB,37,0,40274.09,SF,False,269.03999999999996,104.0,18.464444855130495
aba2a70a-a14a-e511-80e3-c4346bac0260,LEED,SB,58,0,54400.0,SF,False,40.5,16.0,12.484855951867594
fcbc3af9-6ada-e511-8104-c4346bac0260,LEED,SB,50,1,7725.0,SF,True,144.02,89.0,12.452001067783733
f4180a53-7998-e511-80f1-c4346bac4b64,LEED,SB,24,1,24000.0,SF,False,181.0,70.0,34.431918519887475
a9831b75-3bc9-e511-80f6-c4346bac4b64,LEED,SB,55,0,23140.0,SF,False,166.0,69.0,34.366208751719746
174f2535-dcca-e511-80f9-c4346bacb92c,LEED,SB,55,1,34250.0,SF,False,249.75,141.0,25.988213310334913
893c4485-4c46-e711-80ff-e0071b66cf61,LEED,SB,55,1,66500.0,SF,False,479.25,358.0,36.4032115649192
a7ca7912-2f52-e711-8100-e0071b66cf61,LEED,SB,82,1,41850.0,SF,False,297.25,189.0,30.095073820817674
fbcd7902-9dc8-e711-8113-e0071b6ad191,LEED,SB,82,1,46200.0,SF,False,439.25,380.0,32.19778640218485
253ed0bb-78d4-e711-8115-e0071b6ad191,LEED,SB,82,0,28713.4,SF,False,171.5,145.0,17.28166902811146
77f1c8fc-82d4-e711-8115-e0071b6ad191,LEED,SB,84,0,35560.0,SF,False,56.0,24.0,12.484855951867594
cb6c0ed3-2a8f-e711-810f-e0071b715b91,LEED,SB,82,1,32050.0,SF,False,258.5,184.0,15.178956446744285
16bb16ff-f318-e811-812f-e0071b7458a1,LEED,SB,82,1,50700.0,SF,False,389.75,196.0,28.386619848456846
e81e94b7-2444-45a3-8c31-5db10b4f0769,GPR,SB,73,1,30400.0,SF,False,220.75,161.0,41.65999301833713
09176ef7-767a-e411-957d-6c3be5a6aa7c,GPR,PM,37,1,2610.0,SF,False,24.5,21.0,48.95377728495452
147921d5-3e93-e311-bf57-6c3be5a6aa7c,GPR,SB,60,1,20200.0,SF,False,195.23000000000002,155.0,36.041807839996714
5074b5f2-f547-e411-a896-6c3be5a841e0,GPR,SB,73,1,21250.0,SF,False,160.5,122.0,69.75091891003922
4f9ef46f-3348-e411-a896-6c3be5a841e0,GPR,SB,73,1,21250.0,SF,False,141.25,127.0,64.42842768845357
9c213df4-bf95-e311-a9b6-6c3be5a8b8b0,GPR,SB,37,0,17104.0,SF,False,127.96,102.0,9.396496847984558
eaf0f03b-0d1c-e411-b762-6c3be5a8b8b0,NZE,SB,37,1,24500.0,SF,False,169.43,89.0,32.49348035893961
0d65dacb-eed9-e311-8efd-6c3be5a8ca30,GPR,SB,44,1,14454.0,SF,False,122.16,103.0,44.58407770180086
2a622a9f-1fda-e311-8efd-6c3be5a8ca30,GPR,SB,73,1,18341.0,SF,False,151.4,139.0,67.71391609683977
500867fc-78ba-e111-bad6-78e3b508f847,GPR,SB,50,1,13920.0,SF,False,137.25,84.0,41.725702786504854
28ba396b-191e-e211-8b05-78e3b51146cf,Commissioning,SB,51,1,10586.0,SF,False,73.75,65.0,22.965563974619602
965511e4-d982-e311-8b1b-78e3b51146cf,GPR,SB,73,1,33351.0,SF,False,251.25,193.0,56.05043224706873
3e9640ef-7936-e311-8b1c-78e3b51146cf,GPR,SB,73,1,20750.0,SF,False,180.0,151.0,62.095730918499356
900ccecb-917f-e211-8c15-78e3b511b601,GPR,SB,37,1,7305.0,SF,False,88.48,65.0,36.86317994209327
df11cb1f-967f-e211-8c15-78e3b511b601,GPR,SB,37,0,11165.0,SF,False,21.0,15.0,10.414998254584283
23943859-5416-e311-8cd4-78e3b511b601,GPR,SB,37,1,8500.0,SF,False,80.91,48.0,12.222016879196698
28d0de22-1605-e311-8db5-78e3b511b601,GPR,SB,73,0,22595.0,SF,False,166.41,125.0,56.97036900141687
67eb1b11-820e-e311-8db5-78e3b511b601,GPR,SB,37,0,18462.24,SF,False,108.75,66.0,16.296022505595598
5ea4424b-880e-e311-8db5-78e3b511b601,GPR,SB,58,1,10000.0,SF,False,98.91,59.0,17.117394607692148
5f947ff5-c0f3-e111-b721-78e3b511b601,GPR,SB,50,1,10825.0,SF,False,145.75,87.0,51.812152200250516
0f3217e7-9502-e611-810d-c4346bac0260,GPR,SB,50,0,24090.0,SF,False,127.25,75.0,20.008624407072013
4bc834d6-5746-e711-80ff-e0071b66cf61,GPR,SB,73,1,10025.0,SF,False,75.0,74.0,37.52027762377051
ceba5800-d47b-e711-8103-e0071b66cf61,GPR,SB,73,1,33800.0,SF,False,233.25,179.0,35.28614550606789
22ad2d41-e3c3-e711-8113-e0071b6ad191,GPR,SB,73,0,21200.0,SF,True,129.15,81.0,17.938766709788702
443cca89-255a-e811-a94f-000d3a378ca2,LEED,SB,27,1,53237.43,SF,False,385.0,185.0,22.14419187252305
4399e0bb-1875-e611-80ea-5065f38b4491,LEED,SB,89,0,47254.0,SF,False,287.25,167.0,33.61054641779092
ee8de68f-fbef-e611-80f9-5065f38b4491,LEED,SB,55,1,30850.0,SF,False,268.0,113.0,16.098893201092427
30912742-66ac-e611-80f1-5065f38b5171,LEED,SB,58,1,36660.5,SF,True,278.5,133.0,20.76428674100084
320c266a-70c1-e611-80f6-5065f38b5171,LEED,SB,66,1,39850.0,SF,False,302.5,173.0,15.967473664756977
9a9380cd-0801-e511-925d-6c3be5a6aa7c,LEED,SB,57,0,29125.0,SF,True,205.0,112.0,10.710692211339042
2f671c0d-c2ed-e311-aa44-6c3be5a6aa7c,LEED,SB,55,1,34500.0,SF,True,328.0,150.0,54.6048173473788
a3af0198-4e9f-e311-aca1-6c3be5a6aa7c,LEED,SB,58,0,22320.0,SF,False,88.58,55.0,11.992032690609664
8299470e-2039-e411-b376-6c3be5a6aa7c,LEED,SB,43,1,36900.0,SF,False,292.0,151.0,36.206082260416025
bdd9a97a-5556-e411-b300-6c3be5a841e0,LEED,SB,58,0,43500.0,SF,False,264.0,147.0,18.004476477956427
110ff702-0c75-e411-bc06-6c3be5a841e0,LEED,SB,50,0,51000.0,SF,False,388.25,239.0,16.65742623051808
3f111aef-0c5e-e411-8a09-6c3be5a8b8b0,LEED,SB,37,0,22750.0,SF,False,139.5,85.0,20.501447668329945
ae2283ca-edc1-e411-8a8d-6c3be5a8b8b0,LEED,SB,24,0,59750.0,SF,False,397.5,148.0,8.049446600546213
104c9a2f-73b8-e411-8d3b-6c3be5a8b8b0,LEED,SB,50,0,45500.0,SF,False,286.83,192.0,14.78469783773794
83c26826-3395-e411-98dc-6c3be5a8b8b0,LEED,SB,58,0,29250.0,SF,False,171.25,109.0,20.60001232058153
0eee5367-abea-e411-a607-6c3be5a8b8b0,LEED,SB,58,1,39500.0,SF,False,426.75,200.0,35.05616131748085
ad443fd0-761e-e411-b762-6c3be5a8b8b0,LEED,SB,37,1,53632.5,SF,False,361.75,188.0,30.587897082075607
ef5dfdd5-84d1-e311-8efd-6c3be5a8ca30,LEED,SB,58,0,37000.0,SF,False,262.0,158.0,28.28805519620526
520867fc-78ba-e111-bad6-78e3b508f847,LEED,SB,57,1,41900.0,SF,False,394.25,268.0,53.783445245282245
6a0867fc-78ba-e111-bad6-78e3b508f847,LEED,SB,37,1,30515.0,SF,False,349.17,163.0,46.35824144232941
8e0867fc-78ba-e111-bad6-78e3b508f847,LEED,SB,40,1,14450.0,SF,False,135.0,88.0,28.550894268876156
48b9c21d-59ac-e211-8abd-78e3b51146cf,LEED,SB,40,1,10825.0,SF,False,186.75,111.0,33.34770734512002
3bffca76-8457-e311-8b1b-78e3b51146cf,LEED,SB,37,1,15580.0,SF,False,137.75,79.0,15.573215055750632
a3bc049b-4738-e311-8b1c-78e3b51146cf,LEED,SB,24,1,21350.0,SF,False,183.97999999999996,128.0,12.024887574693526
12207743-bc45-e311-8b1c-78e3b51146cf,LEED,SB,24,1,14210.0,SF,False,148.64999999999995,96.0,23.819790960800017
628c69b4-8846-e311-8b1c-78e3b51146cf,LEED,PM,37,1,59000.0,SF,False,539.25,157.0,39.62299020513768
97660696-8946-e311-8b1c-78e3b51146cf,LEED,SB,37,0,22000.0,SF,False,171.75,117.0,22.078482104355327
790dc1cc-1ae0-e211-8b83-78e3b51146cf,LEED,SB,24,1,29300.0,SF,False,359.3000000000001,240.0,36.56748598533851
f8d50215-ce82-e211-8bd7-78e3b51146cf,LEED,SB,58,1,17880.0,SF,False,182.0,138.0,32.723464547526646
b5748db0-7088-e211-8bd7-78e3b51146cf,LEED,SB,37,1,21950.0,SF,False,280.25,190.0,38.111665537280025
34856c54-846a-e211-8c09-78e3b51146cf,LEED,SB,58,1,20080.0,SF,False,265.0,167.0,24.739727715148156
3f3f973d-dedf-e111-8c2b-78e3b51146cf,LEED,SB,40,1,21350.0,SF,False,280.4,145.0,14.653278301402493
e186b091-d8e7-e111-8c2b-78e3b51146cf,LEED,SB,24,1,19500.0,SF,False,221.25,134.0,27.49953797819257
4529ac5a-71ba-e111-b5df-78e3b511a685,LEED,SB,24,1,34400.0,SF,False,306.93999999999994,135.0,18.891558348220702
4929ac5a-71ba-e111-b5df-78e3b511a685,LEED,SB,24,1,38852.52,SF,False,282.5,105.0,14.78469783773794
69b22527-7fba-e111-b5df-78e3b511a685,LEED,SB,40,1,31492.0,SF,False,291.43000000000006,180.0,45.73399864473603
c103659a-83ba-e111-b5df-78e3b511a685,LEED,SB,40,1,29540.0,SF,False,249.3,112.0,37.71740692827368
d71d6eca-db8d-e311-8a37-78e3b511b601,LEED,SB,50,1,44624.55,SF,False,426.92999999999995,285.0,36.76461528984168
4fffcfbf-905e-e211-8b98-78e3b511b601,LEED,SB,24,1,44540.0,SF,False,380.3999999999998,219.0,16.361732273763323
99c425ec-86ba-e111-8be7-78e3b511b601,LEED,SB,37,1,11579.0,SF,False,113.3,103.0,18.49729973921436
d0a9a6e9-907f-e211-8c15-78e3b511b601,LEED,SB,37,1,11365.0,SF,False,154.0,101.0,24.016920265303188
09cd1962-8e8a-e211-8c2c-78e3b511b601,LEED,SB,24,0,165740.0,SF,False,1014.75,456.0,71.75506683915481
87f96577-83d7-e211-8cf1-78e3b511b601,LEED,SB,37,1,32740.0,SF,False,257.19,161.0,44.2883837450461
f6ef40fa-880d-e211-b721-78e3b511b601,LEED,SB,58,1,38000.0,SF,False,405.5,182.0,34.366208751719746
4e47b4b4-df1b-e311-b7e1-78e3b511b601,LEED,SB,24,0,30025.0,SF,False,234.18,165.0,27.13813425327009
62144303-7b41-e311-b7e1-78e3b511b601,LEED,SB,58,1,24235.0,SF,False,260.25,169.0,45.30688515164582
b2b62dae-cec9-e411-9d03-a45d36fc0a08,LEED,SB,24,1,37500.0,SF,False,336.0,235.0,34.79332224480996
dc396e38-61a6-e411-b206-a45d36fc0a08,LEED,SB,58,0,24500.0,SF,False,141.5,73.0,16.85455553502125
247b32c0-c95b-e511-80ec-c4346bac0260,LEED,SB,84,0,44780.0,SF,False,273.25,154.0,35.68040411507423
deb6e21c-bf6b-e511-80ef-c4346bac0260,LEED,SB,58,0,103642.25,SF,True,690.9,332.0,37.68455204418982
a7875fb8-3e1c-e511-80da-c4346bac4b64,LEED,SB,58,0,37860.0,SF,False,220.0,112.0,10.18501406599725
5debe46d-b710-e611-8101-c4346bac4b64,LEED,SB,55,1,31780.0,SF,False,227.5,128.0,35.877533419577404
5dd00b8c-0358-e511-80e8-c4346bacb92c,LEED,SB,37,0,86689.84,SF,False,370.7,134.0,22.209901640690774
bafa3ea9-ee2b-e511-80dc-c4346bacdbe8,LEED,SB,50,0,65900.0,SF,True,480.4,265.0,12.71484014045463
8b848ac8-d536-e511-80e2-c4346bacdbe8,LEED,SB,89,1,52516.83,SF,False,511.25,326.0,46.94962935583893
1e2c5a2b-c0fe-e611-80f3-e0071b66cf61,LEED,SB,58,0,67213.75,SF,True,463.75,247.0,19.252962073143184
69ce7095-d8fb-e711-8116-e0071b66cf61,LEED,SB,84,0,12595.0,SF,False,74.35,40.0,18.135896014291873
327ea839-6c3f-e811-811d-e0071b66cf61,LEED,SB,37,0,16654.0,SF,False,29.75,18.0,19.877204870736566
b202c2f6-9ed3-e711-8115-e0071b6ad191,LEED,SB,67,0,42685.0,SF,True,230.0,137.0,19.28581695722705
60b30838-441e-e711-8102-e0071b715b91,LEED,SB,58,0,42100.0,SF,True,279.5,142.0,15.638924823918355
1a2d4656-632c-e711-8105-e0071b715b91,LEED,SB,58,1,34000.0,SF,True,248.25,138.0,16.49315181009877
0476966e-6b62-e711-811c-e0071b7458a1,LEED,SB,67,0,42841.5,SF,True,276.75,162.0,18.300170434711184
69f606ee-d3e5-e711-812d-e0071b7458a1,LEED,SB,44,1,32436.0,DV,True,233.5,174.0,23.58980677221298
d072b6dd-5e01-e811-812f-e0071b7458a1,LEED,SB,84,0,39000.0,SF,True,198.0,108.0,16.887410419105116
eecc6ea4-8f0f-e511-80e3-fc15b4284a70,LEED,SB,58,0,47550.0,SF,True,315.25,149.0,18.33302531879505
